ts,request_id,source_row,total_latency_ms,model_latency_ms,ollama_total_ms,service_overhead_ms,queue_residual_ms,load_ms,prompt_eval_ms,eval_ms,ollama_other_ms,prompt_eval_count,eval_count,prompt_eval_tps,eval_tps,num_ctx,ctx_ratio,ctx_truncation_suspect
2026-10-08T21:56:29.652Z,fc1ed9b6-25f3-4074-ae1c-8a039596e939,10000,1156.4,971.2,962.744238,185.20000000000005,8.45576200000005,1.932281,804.677,153.78,2.354957000000013,249.0,3.0,309.4409309573904,19.508388607101054,4096.0,0.060791015625,False
2026-10-08T21:56:54.620Z,6be2fcfa-c9e0-45b2-83d7-bc905be87782,10001,1504.9,1327.1,1318.531208,177.80000000000018,8.568791999999803,1.468576,1080.013,228.416,8.633632000000262,294.0,4.0,272.2189455126929,17.511908097506304,4096.0,0.07177734375,False
2026-10-08T21:58:33.424Z,811629f2-9cee-41b7-ad81-92f883adf340,10002,2080.6,1893.0,1884.696211,187.5999999999999,8.303789000000052,1.271374,1561.534,309.884,12.006836999999905,371.0,5.0,237.5868857162252,16.135069897122793,4096.0,0.090576171875,False
2026-10-08T21:58:59.484Z,cfd1e49b-2644-447c-a0c6-c9a5ad4f8e66,10003,1596.4,1444.6,1436.404456,151.80000000000018,8.195543999999927,1.399614,1268.502,155.11,11.392841999999973,323.0,3.0,254.63105300582893,19.341112758687384,4096.0,0.078857421875,False
2026-10-08T22:00:22.357Z,23dea031-f620-45a5-a9c6-2f93ec61be07,10004,1909.8,1752.1,1743.570941,157.70000000000005,8.529058999999961,1.276413,1424.989,307.674,9.63152799999989,350.0,5.0,245.61593107034508,16.250966932532485,4096.0,0.08544921875,False
2026-10-08T22:00:58.379Z,7b34493f-be27-4e80-acb9-748f4149efbf,10005,2420.6,2243.7,2229.72585,176.9000000000001,13.974150000000009,1.345914,2061.804999,154.634,11.940936999999849,453.0,3.0,219.710399489627,19.400649275062406,4096.0,0.110595703125,False
2026-10-08T22:01:04.214Z,9b07865b-7b2a-4828-92c0-3f98fe62ad8b,10006,1112.8,660.8,653.337149,452.0,7.462851000000001,1.222032,406.03,229.208,16.877117,181.0,4.0,445.7798684826244,17.451397856968345,4096.0,0.044189453125,False
2026-10-08T22:05:24.179Z,b1dc9c39-ceab-4123-9c54-d91a686d0ba7,10007,1776.9,1107.9,1099.668701,669.0,8.231299000000035,1.300614,788.468,307.264,2.6360870000000887,243.0,5.0,308.1925962753086,16.272651530931057,4096.0,0.059326171875,False
2026-10-08T22:05:48.047Z,ba7e3b1b-30fe-4078-a683-99e7ee020ba1,10008,957.2,777.7,770.196328,179.5,7.503672000000051,1.351342,609.475,151.468,7.901985999999965,215.0,3.0,352.7626235694655,19.806163678136638,4096.0,0.052490234375,False
2026-10-08T22:06:15.357Z,b43ee0e4-0f78-43af-bc6c-0742f8e4ec11,10009,1058.2,868.5,860.801407,189.70000000000005,7.69859299999996,1.17836,548.722,308.129,2.7720470000000432,204.0,5.0,371.772956068829,16.226969873007736,4096.0,0.0498046875,False
