row_number,golden_label,predicted_label,raw_model_output,narrative_prefix,request_id,ts
10210,Credit reporting,Bank account or service,Bank account or service,"Account XXXX XXXX XXXX I am unaware of the state and did not have the opportunity to dispute this account. If you believe you sent proper notification, please provide certified mail with the receipt d",a14debb0-2003-4a17-9b7e-71f32fcbc736,2026-10-08T12:33:29.757Z
10358,Credit reporting,Consumer loan,Consumer loan,XXXX XXXX has a XXXX XXXX option for applying for loans. Applied for loan thinking it was guaranteed and was ultimately denied the loan. This effected my credit score and I lost time dealing with the ,7160a37a-0fd7-41cd-84bf-b89ead42915f,2026-10-08T12:35:01.301Z
10452,Credit reporting,Mortgage,Mortgage,"My husband told Carrington Mortgage that he had my permission to pull my credit for a joint VA mortgage loan. refinance. This was. NOT true, I was totally unaware of what my husband was attempting to ",79f87b06-2930-4364-9a27-0cbc2d65228e,2026-10-08T12:36:10.344Z
10763,Credit reporting,Credit card,Credit card,"In XX/XX/year>, I discovered that Klarna allowed someone to open a line of credit using my full name, date of birth, and home address. The account was linked to an unfamiliar email address ( XXXX ) an",5bd3f342-2d28-4b17-9770-619cad2cf1bb,2026-10-08T12:39:42.683Z
10996,Credit reporting,Mortgage,Mortgage,"According to XXXX the Credco is 3rd party mortgage agency ran my credit twice for rehab mortgage, I'm unaware of the signed credit authorization for Credco to run my credit for rehab mortgage are misl",4f8281e0-e27d-4adf-849f-46d4c11a5972,2026-10-08T12:42:10.257Z
10008,Debt collection,Credit reporting,Credit reporting,My information was given to you which is a direct violation of my rights under 15 USC 1692 are you familiar with that law? I never signed a contract with you guys therefore you should not have my info,1488aef0-e8bb-4c49-8a88-c0228d4a00ef,2026-10-08T12:31:31.029Z
10245,Debt collection,Credit reporting,Credit reporting,"You might want read. Before filing this complaint, I also filed complaints with the Consumer Financial Protection Bureau ( CFPB ), Federal Trade Commission ( FTC ), Attorney General 's Office, and XXX",1c7dba0a-8bbf-4589-adcb-d87335f66ba3,2026-10-08T12:34:03.870Z
10537,Debt collection,Credit reporting,Credit reporting,"Credit Collections USA LLC, has placed a collection for {$83.00} on my credit report and according to the State of Florida license search they are not permitted to collect in this state. I am requesti",bbf2bc9d-51c3-45aa-b914-4bc65352b081,2026-10-08T12:37:12.634Z
10575,Debt collection,Consumer loan,Consumer loan,We have been getting robocalls from Naviant every evening at the same time XXXX. Asking us to call XXXX number. Returned call once ..was told we have been listed as reference on a student loan app ..t,755baeab-3230-43ce-b880-73caf71ae872,2026-10-08T12:37:49.590Z
10714,Debt collection,Credit reporting,Credit reporting,Creditor reported deragatory history on a debt that was discharged in CHXXXX bankruptcy 6 months after debt was discharged. CRA 's will not remove negative history they only updated it to show Bk. Any,b96a3d68-0327-44fa-8b85-8a1da523ef67,2026-10-08T12:39:13.664Z
10774,Debt collection,Credit reporting,Credit reporting,"LVNV LLC have reported to the 3 credit bureaus inaccurate information payment statuses, past due amount, and balance owed on three different accounts. Once I notified the credit bureaus that I needed ",e55feb76-08c8-4a9f-931a-352f527246f7,2026-10-08T12:39:50.887Z
10068,Mortgage,Consumer loan,Consumer loan,I am writing to you regarding my loan for hardship for the second time. In XX/XX/XXXX I filled a complaint against my bank who in return told you they would work with me. It was not true once you clos,9b6c4c04-7346-47b2-9a53-ed32e48950ef,2026-10-08T12:31:56.072Z
10127,Mortgage,Bank account or service,Bank account or service,"On XX/XX/scrub> XXXX XXXX XXXX XXXX XXXX, I received an email from NewRez indicating that my recurring automatic payment bank account information had been modified. Neither I nor my co-borrower author",4e042ccf-7e77-4bb2-972a-8de185c70e1d,2026-10-08T12:32:47.308Z
10170,Mortgage,Debt collection,Debt collection,"Ocwen Loan Servicing is planning on selling XXXX XXXX 's property at foreclosure sale on XXXX XXXX, 2017. XXXX XXXX 's loan modification review is presently in the appeal stage. It is a violation of R",8029983d-35d1-4e2a-b7b8-08a2d5da148f,2026-10-08T12:33:06.557Z
10348,Mortgage,Bank account or service,Bank account or service,I timely submitted required evidence and was granted a XXXX veteran property tax exemption with the XXXX XXXX Treasurer for this most recent property tax bill due on or about XX/XX/XXXX ( See XXXX XXX,3f421a16-994c-4f04-b4f5-47c530e586ae,2026-10-08T12:34:47.904Z
10454,Mortgage,Bank account or service,Bank account or service,Complaint Against Select Portfolio Servicing Utah Select Portfolio Servicing has repeatedly failed to properly manage my escrow account. Despite multiple attempts to resolve issues through their custo,32b6c958-edcb-49f6-baea-8287dbb638cb,2026-10-08T12:36:12.962Z
10520,Mortgage,Consumer loan,Consumer loan,We originally got a loan with a company called XXXX. They sold our loan to GreenTree who in 2014 paid the wrong company for our property insurance out of our escrow account. Not wanting that to happen,7d0d2d59-5673-40ae-89ae-70040696e981,2026-10-08T12:36:57.562Z
10602,Mortgage,Bank account or service,Bank account or service,My payments keep going up with Wells Fargo. I am now at 14 % and I cant afford to pay this and I only owe XXXX on my home. I paid XXXX on XX/XX/XXXX and paid XXXX on XX/XX/XXXX receive a letter statin,0c9a3f26-c9ce-45f6-a6ac-e6bb968d7a06,2026-10-08T12:37:53.542Z
10900,Mortgage,Consumer loan,Consumer loan,I am livid how Wells Fargo has handle my loan. I have tried to re-apply for a modification numerals times and Wells Fargo refuses to review my loan for a modification. I have tried to work directly wi,8a8a800d-6b37-4970-94d4-bc1d3eb8d846,2026-10-08T12:41:21.088Z
10085,Credit card,Debt collection,Debt collection,XXXX I visited the dentist. Initial consultation and XXXX XXXX taken. No other services performed. The XXXX provided me an estimated cost of services to be performed. XXXX XXXX office applied for fina,1d9f0f6a-d837-486d-912a-7ef8c86ec2c3,2026-10-08T12:32:02.182Z
10214,Credit card,Credit reporting,Credit reporting,Not only did they fail to file my disputes when I submitted them they have been extremely rude and volatile towards me. I called back to check them and that's when I had to resubmit them and they deni,7027e077-2fc8-4529-ac1d-0da2c10911f0,2026-10-08T12:33:33.709Z
10265,Credit card,Bank account or service,Bank account or service,"I purchased a Vanilla Visa Gift card in XXXX with {$400.00} of funds on it from a XXXX XXXX grocery store, which was then mailed via USPS to a recipient as a gift. The recipient never received the par",64235098-4282-4a56-8beb-ef3126ee5384,2026-10-08T12:34:12.574Z
10297,Credit card,Credit reporting,Credit reporting,"They reported charges back in XX/XX/2021, but they didn't remove them. I inquired again and asked why but not they are telling me I've passed the terms of reporting fraud so they are making the change",ab81f6c6-73a0-412f-b8e3-bf26100395f3,2026-10-08T12:34:18.960Z
10365,Credit card,Credit reporting,Credit reporting,"Im a Vet Whose VA Hospital sent me to another civilian hospital because they couldnt handle the situation in house. Besides being billed for this, I was also billed for the Ambulance ride. The {$1200.",16a39718-c3db-4164-bf81-210fb83c5771,2026-10-08T12:35:07.812Z
10465,Credit card,Bank account or service,Bank account or service,"On XXXX/XXXX/2020, I received an email from XXXX XXXX XXXX XXXX XXXX that stated that they had a data breach, my account was deactivated, please destroy the card, and a new one would be issued. ( see ",704ec8ab-ab7f-40eb-bb2b-857c376eae79,2026-10-08T12:36:23.649Z
10469,Credit card,Bank account or service,Bank account or service,"During the Rushcard glitch, I was without access to my funds for a week or more. I could not pay my bills on time which lead to me having to pay late fees. I could not withdraw money to eat, put gas i",71566395-ae89-48d6-af92-6cff2dc30b56,2026-10-08T12:36:27.151Z
10858,Credit card,Bank account or service,Bank account or service,"On XX/XX/XXXX, I was informed a dispute was resolved in my favor. The balance has gone back to XXXX. The representative confirmed no payment will be drawn from my account. However, on XX/XX/XXXX, I sa",401be62c-a409-4828-9563-2ebbabed2a2e,2026-10-08T12:41:00.246Z
10945,Credit card,Consumer loan,Consumer loan,"Hi, I signed up for an online business training program for {$2000.00} onetime payment or a {$2400.00} XXXX time payment with a guaranteed result to either earning our investment back within XXXX week",bab71c47-c003-4d91-8a0c-5e657fb0552b,2026-10-08T12:41:40.320Z
10951,Credit card,Bank account or service,Bank account or service,"I purchased a corporate kit on XX/XX/2021, from XXXX, the total amount of {$85.00} was charged to my XXXX account ( See doc 1 original receipt ). On XX/XX/2021, I mailed a money order in the amount of",10d7e1f9-01cf-482a-a92a-4aebc150abf2,2026-10-08T12:41:47.806Z
10167,Bank account or service,Debt collection,Debt collection,In XX/XX/XXXX I received a collections letter ; Paypal sent them the account set up in my name with my information. The fraud occurred in XX/XX/XXXX. I spoke with the collection agency and with payapl,c2ee97cd-9429-4b41-acc4-bc796b239c78,2026-10-08T12:33:04.614Z
10361,Bank account or service,Credit reporting,Credit reporting,"I am writing to formally express my concerns Regarding chimes handling of disputes, particularly in light of the recent CFPB lawsuit, highlighting significant issues with the platform. Despite using C",1ff29767-74ea-4bdf-9047-adafdbe350b1,2026-10-08T12:35:03.702Z
10381,Bank account or service,Money transfer or service,Money transfer or service,"On XX/XX/year>, I initiated an outgoing electronic transfer from my Ally Bank Savings Account, to an external bank account that Ally had previously verified. This transfer was for {$50000.00}. The nat",8a1677a8-3a72-49a4-9385-991ba3941d15,2026-10-08T12:35:21.100Z
10461,Bank account or service,Money transfer or service,Money transfer or service,A wire was sent from my bank on XXXX before Coinbase 's cut-off processing time. My bank does confirm the funds are sitting with Coinbase. Coinbase is refusing to put the money into my account and cla,524d2b4d-32da-4714-854f-d419a84086ed,2026-10-08T12:36:15.129Z
10528,Bank account or service,Credit reporting,Credit reporting,bank of America is still reporting a balance and outstanding account opened and this account was to be closed and reflect a XXXX balance do to fraud and them not properly handling and closing the acco,6279d0db-4139-4a3a-abd8-275396a267a9,2026-10-08T12:37:07.691Z
10551,Bank account or service,Money transfer or service,Money transfer or service,"I am filing a complaint against Cash App ( Block , Inc ) due to inadequate customer service and unfair practices, which violate the Consumer Financial Protection Act ( CFPA ). Specifically, Cash App f",9ec90781-5d8d-458f-a8fd-a77505fd4a34,2026-10-08T12:37:23.122Z
10609,Bank account or service,Money transfer or service,Money transfer or service,I had a cash app account that was closed on me and I was told that I would be able to get the remaining funds off of my account and my account disappeared and I was never able to get my money when the,d2238dba-b2d1-46c7-ae21-371e6ae957e6,2026-10-08T12:37:56.559Z
10045,Consumer loan,Debt collection,Debt collection,As a person who was under the XXXX XXXX I was in line for XXXX to be forgiven last year in XXXX. I was paying {$1200.00} a month. Now because of this ridiculous litigation hold and an attempt to pay t,4e9a4796-4152-48f7-a5ba-7cb27aad3041,2026-10-08T12:31:51.570Z
10112,Consumer loan,Mortgage,Mortgage,"I am trying to refinance my mortgage and was working on collecting information on my student loans. I was trying to gather information that included account numbers, monthly payment, and the remaining",d338b030-af2e-464a-a4dc-86f3a31c5c18,2026-10-08T12:32:24.557Z
10440,Consumer loan,Debt collection,Debt collection,"I have a substantial amount of student debt, upwards of XXXX in Federal loans and another XXXX in Private student loans through wells fargo. I called Wells fargo and explained my situation and the fac",47c8a7f0-b9f9-4e7f-825b-656329e5c386,2026-10-08T12:35:55.588Z
10444,Consumer loan,Credit reporting,Credit reporting,I have had multiple issues with XXXX. Now known as Navient. I have been unemployed since XX/XX/2017. My payment on my private loan is due XX/XX/2017. I contacted them and spoke with XXXX agent # XXXX ,13fce4c6-a64a-44d0-a188-3209249647c4,2026-10-08T12:36:05.726Z
10467,Consumer loan,Credit reporting,Credit reporting,These loans are duplicately reported along with XXXX and XXXX XXXX XXXX. This account was on an approved deferment and therefore was never late. The unscrupulous practices of student loan companies ma,625ae367-d21b-4cc9-a915-5fcfe557e121,2026-10-08T12:36:25.183Z
10507,Consumer loan,Credit reporting,Credit reporting,"I originally contacted FedLoan regarding a change ( DECREASE ) in my number of qualifying PSLF payments made and received a response in XX/XX/XXXX. This is the message I sent : "" On my MONTHLY DIRECT ",7bac62b3-0b72-4a3d-9e60-16c4d3faf719,2026-10-08T12:36:42.048Z
10718,Consumer loan,Debt collection,Debt collection,Account was assigned to repo. I called to set up payment plan. Been making payments for months. And they took my car this morning XX/XX/. Ran my credit and it says the car account was repossessed and ,01750c2a-c88b-4924-944c-82c915063317,2026-10-08T12:39:15.123Z
10790,Consumer loan,Debt collection,Debt collection,I've been waiting on the dept of ed since XX/XX/XXXX to ask for any debt forgiveness after my husband 's leg was amputated XX/XX/XXXX. I can not afford my loans. Furthermore the school i attended was ,1348e9b5-58b5-4df0-8aa0-38bbcfa65437,2026-10-08T12:40:05.392Z
10866,Consumer loan,Credit reporting,Credit reporting,"I signed up for income-based repayment and have provided all the necessary information. I have been on a salary for 5 plus years and nothing has changed, yet they increase my payment every three month",55e1a45b-bd05-402e-9ca2-897e3542b163,2026-10-08T12:41:03.698Z
10989,Consumer loan,Debt collection,Debt collection,"I cant repay this I asked for lower payments, when filing for this I was told something by the school which ended up being different I filed Bankruptcy and that was supposed to help but really did not",3ce76c1b-9a1f-4fea-a2a1-9ebca7fdd623,2026-10-08T12:42:08.748Z
10024,Money transfer or service,Bank account or service,Bank account or service,I paid my Citibank the entire balance of my account. I mistakenly over paid the amount due and my account ( which is currently closed ) has a negative balance of XXXX. I have requested to have have th,9c42f952-5807-448f-a896-6227ab7a94f9,2026-10-08T12:31:38.699Z
10471,Money transfer or service,Bank account or service,Bank account or service,"On XX/XX/2022 I tried to make a deposit on an ATM machine, and the machine stopped working without returning me the money neither depositing on the account. The machine just printed a receipt saying t",c814891a-ec6d-4a98-ba80-51ebab33e3c2,2026-10-08T12:36:30.368Z
10524,Money transfer or service,Bank account or service,Bank account or service,On XX/XX/XXXX I logged into my Wells Fargo XXXX and saw that I had an additional deposit of {$1400.00} into my acct. What I now know is that they were transferring $ from my daughter 's minor account ,d6ea9fae-8ccd-454a-b298-123123363d88,2026-10-08T12:37:03.789Z
10567,Money transfer or service,Bank account or service,Bank account or service,Money from a Navy federal checking account was withdrawn/transferred out of account by Navy Federal as a collection of debt without authorization from of primary account holder. The money collected ( ,7f07a2f0-62d7-45bc-a14c-4542c422b1bf,2026-10-08T12:37:40.987Z
10657,Money transfer or service,Bank account or service,Bank account or service,"I won a small giveaway ( {$20.00} ) from a vape company. They sent the funds through PayPal and I did not have an account. I created one to accept the funds, and PayPal limited my account immediately ",46859d94-76ae-4819-936c-ef438a484b0e,2026-10-08T12:38:24.537Z
10678,Money transfer or service,Bank account or service,Bank account or service,We are a newly formed XXXX XXXX XXXX business. My husband is a retired XXXX from california who used his savings to start up this business. On Sat XX/XX/XXXX we participated in a huge event in our tow,655faef1-5463-4717-a265-0d1a77fad9f6,2026-10-08T12:38:50.297Z
