row_number,request_id,http_status,predicted_category,error
10001,227b69d5-97cd-4638-9da5-5e3d7d85f463,200,Mortgage,
10002,1fce5255-f521-4e9f-aa4f-5173cda625bb,200,Bank account or service,
10004,2869b47f-cd2c-425c-8e23-a50451c26405,200,Bank account or service,
10008,aac597a0-2930-4d52-85e1-a3c56cbd06a6,200,Credit reporting,
10011,0dcf0995-4d35-4b9f-b0c4-be0def281cd8,200,Bank account or service,
10018,dd8501ad-fe92-41c2-9a4f-45a103a32c73,200,Debt collection,
10019,79054085-0130-4f02-a768-0d07f13761e2,200,Credit reporting,
10024,c200e499-be04-4af5-bcdc-b7e04270f8cd,200,Bank account or service,
10026,34412d02-d9c3-45bd-b489-8067b0ba09e7,200,Bank account or service,
10028,54fd6a87-3035-45e8-9e93-76bf91d190d3,200,Debt collection,
10029,45c6a486-3be1-4683-9106-5086bc450429,200,Debt collection,
10038,8f01881b-daa7-4b4a-ab6c-80d8e944ed6c,200,Credit reporting,
10045,5197bb2c-d38d-4909-8464-9c547e7abcb1,200,Debt collection,
10047,70c13647-1e58-4912-b6a8-c094d5bbb4d8,200,Credit reporting,
10068,aeabfd68-0c25-4d97-83c7-2aa90ee76fb7,200,Consumer loan,
10084,e622b457-c17e-4237-818f-004f20df8847,200,Bank account or service,
10085,143f123b-67fb-4f58-a48e-0e9036b893ae,200,Credit reporting,
10091,6538bcf5-d0a2-4d8d-9346-90c24ccc27a7,200,Bank account or service,
10098,69035894-4971-4dcb-9ecc-b401ded08b3c,200,Consumer loan,
10106,9c8ead16-77ba-4c99-9deb-6ba094b7e11a,200,Bank account or service,
10110,10f72051-e0f4-4295-8e2c-57661a9b9e75,200,Credit card,
10112,b2ccc9ce-7e31-4c52-9538-c20d8d6ec311,200,Consumer loan,
10114,f69781b8-71c4-4cf5-ae64-8710372dc6e1,200,Consumer loan,
10115,eb91884e-eb39-4db2-8a91-641526511ae9,200,Credit reporting,
10116,9d2fa4d2-e607-438e-8e8d-0225052792a3,200,Debt collection,
10120,54601622-be70-4a03-87d6-b40fa09412c4,200,Credit reporting,
10123,fd092852-d5c4-4902-9754-48d38273b796,200,Bank account or service,
10127,d944cb90-a9e0-40be-9b95-547d07420c4c,200,Bank account or service,
10129,b0246e42-3967-4fad-89be-55d00e556ffb,200,Bank account or service,
10134,9785eb5c-f0ad-469b-a834-c00161331ec8,200,Mortgage,
10144,ff9da6d5-0d49-4f09-ba84-c613e63ea342,200,Bank account or service,
10167,04b276ce-80e0-422a-ac0f-074a458680ee,200,Bank account or service,
10170,d4bcf04a-c5cd-42de-a4da-311d8294aab9,200,Consumer loan,
10175,a8503424-fd72-4c6d-b4a0-6554bb4274ae,200,Debt collection,
10178,20e3cf8e-f14b-4256-a854-2a3bdb853936,200,Bank account or service,
10179,862025ff-295f-4147-8cd4-71efabe4f535,200,Debt collection,
10181,5f8ccfd3-6e39-4397-885c-cb90436ccbfd,200,Debt collection,
10183,3027672c-bd81-4edd-8c06-745571d2b9a4,200,Bank account or service,
10191,00917870-1381-4cf2-98a5-1c4c53ce2c52,200,Bank account or service,
10194,381f5f5a-9470-449d-8ab2-a4a9f2a4d017,200,Bank account or service,
10196,46baacdc-d246-4206-984b-416738dd1a36,200,Bank account or service,
10210,8d70af40-6650-4e2d-ba63-bccbeed133b0,200,Bank account or service,
10214,e813a5ed-6ab8-4e9a-997c-63ea5783461c,200,Bank account or service,
10216,18eacbe7-2754-437e-8fed-12d99f428afe,200,Bank account or service,
10219,42f18822-8e23-44bf-a30b-41bb0e4231b2,200,Debt collection,
10225,fac8142d-a2d6-4e62-80eb-c6d6f52ad7d5,200,Bank account or service,
10228,89b35d44-dde6-4b2d-af7d-34ed001529e3,200,Bank account or service,
10231,645dff56-2aac-4c9e-b6c4-316c23b813dc,200,Bank account or service,
10234,5ca4e905-5f79-4c4f-ae7f-74b6dddb490c,200,Credit reporting,
10235,b9c65a35-a159-4722-ab1e-df32b74e1c8b,200,Bank account or service,
10241,0f110d8a-101f-4440-af56-b25ff3902042,200,Debt collection,
10245,d9d10383-105d-4580-a766-ddef798c9b71,200,Credit reporting,
10251,883848cd-2c47-4404-bff0-67a8d033807d,200,Bank account or service,
10257,d2a51524-0364-4a01-bbb7-7bd2fa071763,200,Bank account or service,
10265,0355f9a0-c577-4996-b36e-bd3fbccd9f3d,200,Bank account or service,
10271,72e8d8e9-70f2-426c-bfdb-19a5da7985df,200,Credit card,
10286,af610aa1-6a6f-4a63-a2db-7665f075af3f,200,Mortgage,
10297,fbf225d2-89de-4f9e-8b88-c3f047ab7829,200,Bank account or service,
10301,96fc63b5-8cab-4ac5-89d1-6d88b30e8d5e,200,Bank account or service,
10305,cd6da5d6-9bd4-4a27-8fab-f7eb7e58c7b6,200,Credit reporting,
10314,8b27873e-2508-4cd4-9cd7-8004b11abebf,200,Credit reporting,
10319,50b0a19d-784a-4ffb-b332-6c2c14a69cf9,200,Consumer loan,
10322,d0c65866-b455-4ed7-879e-12eaa9be39cb,200,Credit reporting,
10324,62802f4c-9254-47f7-b884-d915adddbbd8,200,Bank account or service,
10337,de1d4cab-dd42-46f6-ae78-c88dc78a447f,200,Bank account or service,
10338,61256558-a6ca-4d0d-998b-8b5f125185e9,200,Credit reporting,
10348,031c70f3-e2f2-4335-b60d-1bcb3c58a292,200,Bank account or service,
10350,367d592f-5d6b-4708-bd87-f165e439565b,200,Bank account or service,
10354,f00ef658-add7-4c55-81c7-8d903a347ecd,200,Credit reporting,
10358,d6b39b85-235b-4f26-aa01-8eef1c178202,200,Consumer loan,
10361,a71f7b76-90e4-4d8b-879d-212e24c55cd9,200,Bank account or service,
10362,a9c94641-295f-4a13-9637-7b994b427d2e,200,Bank account or service,
10365,da235c78-584f-4b22-9b75-559c113222fb,200,Bank account or service,
10371,9e379556-f7b4-4d45-a0ec-95c0ab92f070,200,Debt collection,
10377,e509d0fe-14aa-44b0-9d05-5374b99bf908,200,Debt collection,
10379,a04be1f5-a406-4588-8f0c-e05a9c5471a5,200,Credit reporting,
10381,2f0d1121-2a66-47b1-8d11-36fa88bd4b3f,200,Bank account or service,
10396,51faf491-2401-4a03-9bb6-a3724616fff4,200,Bank account or service,
10397,69c8f232-238b-4209-abbb-0d677e6c8524,200,Bank account or service,
10398,c2b1b1a1-de60-47dc-abaf-b65e86ecb170,200,Credit reporting,
10406,dce4fc1e-1ef1-477a-8920-dba60c931c82,200,Credit reporting,
10409,5ed0c6a7-9697-4a91-aef9-20fe3441b0ad,200,Credit reporting,
10415,bf8cfd4e-6981-418b-9129-31e3cf400c14,200,Credit reporting,
10418,21a3226c-89e4-47ad-87c7-897b1c005e7b,200,Bank account or service,
10424,65cd067a-c502-458c-85d1-03a7f0f53e43,200,Debt collection,
10428,39bd09b5-f9b7-4735-9a82-5c45ba3e5c95,200,Credit card,
10432,64dcb411-a6f4-4b3c-bd4c-44ea4eafce63,200,Credit reporting,
10440,f202a646-5ab4-478a-b284-91f6772d2842,200,Consumer loan,
10442,e8a83b8b-fb8f-4e36-a081-449621e3e8f5,200,Credit reporting,
10444,b0af287e-3123-40de-b150-2e1de6b7c732,200,Credit reporting,
10452,96d5fbc8-8df5-4232-a9b6-6d820b268fc5,200,Credit reporting,
10454,2ae9fa6e-a650-4808-98b4-2397a7e6b127,200,Bank account or service,
10461,5c4d7b75-d3ec-4438-acb6-1b9b4a465e14,200,Bank account or service,
10463,28139dea-9c6d-45e2-ac3f-f98b453a3bdd,200,Bank account or service,
10465,a790430a-5f65-4924-a8d3-9d328213f050,200,Bank account or service,
10467,21d2c383-8248-491f-bc3f-950b4542eecc,200,Consumer loan,
10469,df835e03-ff3d-4a09-8314-38121cf1b389,200,Credit card,
10471,a350568a-291f-4a7a-bfee-b7c0b7a3aed4,200,Bank account or service,
10483,559e741a-ff3c-4e2c-95d4-38f997cc4768,200,Bank account or service,
10494,8e55b1f8-7f01-4d5f-b20a-fb2e33554b0a,200,Bank account or service,
10496,1c707860-862b-429a-bd2c-e4b5ef59ea28,200,Bank account or service,
10497,2dc37eed-e7d3-40e0-b908-64155328afa3,200,Bank account or service,
10507,884f0fbd-5dd0-4d65-926a-af208864476a,200,Bank account or service,
10510,6ba86d06-08fd-48f3-bab6-17f330fcbed5,200,Consumer loan,
10512,9ed5cd80-8637-4717-9011-c3b737d3dfb6,200,Credit reporting,
10515,17bd2289-dfe5-4ee3-8a1c-8b922e450e4d,200,Bank account or service,
10517,db220b8d-8d69-4165-bb74-c0ca2d185f48,200,Debt collection,
10520,8e25b011-d147-474a-ac62-c45552c5a8e0,200,Consumer loan,
10524,0e57d65a-b09b-4076-8cf8-a431ebd83709,200,Bank account or service,
10526,bf647f64-4418-4133-b229-d815f79ad946,200,Bank account or service,
10528,27e8ca16-03dc-4bf6-afb2-b45dcc749990,200,Bank account or service,
10529,d07aced6-1050-43da-ab1e-31837682d89a,200,Credit card,
10537,a3c94af2-07c9-48a2-a385-e50c8a7062e2,200,Bank account or service,
10540,241b9c81-d310-4d0f-a888-5ea3eb958120,200,Bank account or service,
10549,e1fbe5b7-f156-4368-9a00-5c4e055a844a,200,Credit reporting,
10551,a9c053e8-8108-445f-9d10-508094e6545d,200,Bank account or service,
10557,7a520d27-5f72-45b8-94bd-56e2b2db3772,200,Bank account or service,
10560,42439d01-fab9-4aff-9e74-d1b68209e8d6,200,Bank account or service,
10562,aa7a787b-ff06-414b-90b2-3a8e67f7a96b,200,Bank account or service,
10563,a09b7191-8ba2-4453-af1b-723c18a5fb73,200,Bank account or service,
10567,3233ec53-ff22-42a9-87b8-c3ecf3d41019,200,Bank account or service,
10570,3d239247-1f00-4484-890b-6e09efae512e,200,Credit reporting,
10571,5a27f0cb-9bb8-4e85-b2ae-39d1459dd76d,200,Bank account or service,
10575,9fad40a1-d2d2-4e25-b956-00fb26143a4f,200,Bank account or service,
10577,9fd44850-8eb4-4e6a-be17-753c0e764cd6,200,Bank account or service,
10602,975c0022-845d-478a-b198-dff94506f6c2,200,Bank account or service,
10604,c68954ca-a870-44b5-b35c-abc4b3c1b4de,200,Bank account or service,
10609,65c42b1c-4c68-4076-b653-bb4ee977665f,200,Bank account or service,
10622,c87179d3-9b2e-47b9-be72-03df904caad9,200,Bank account or service,
10638,3c1a01cd-6695-4166-afbf-da4be5203a20,200,Credit reporting,
10643,96a634cd-d345-4cef-aac1-75b3b3140508,200,Credit reporting,
10647,576703f6-c74b-4408-a58f-4474582d6f7c,200,Credit card,
10652,bc052707-6a28-4370-8171-4a0095a9fff9,200,Bank account or service,
10653,be1d89d0-b95a-467b-9449-e0e903afbb30,200,Bank account or service,
10655,b1f204d5-1683-4806-8d95-cf36755662a7,200,Credit reporting,
10657,514f9836-cc6f-498b-b5b6-e2edb04bd5c0,200,Bank account or service,
10658,e88c2d9a-7966-4fc8-b89d-dadb5016fd28,200,Bank account or service,
10662,6f5cfd62-8188-4458-ab98-f63c619abbb2,200,Bank account or service,
10666,b1c1b37e-11f3-42b1-89e5-baa3db815382,200,Debt collection,
10667,d21be4f5-fdfc-4885-a9de-1e605d639346,200,Debt collection,
10669,00b057a2-2b40-49b3-b87c-d457ee12a7a9,200,Bank account or service,
10673,9d307da3-d303-475c-8744-3663807bf220,200,Credit reporting,
10678,84e68623-5a2f-4e18-a568-56b8ad68911c,200,Bank account or service,
10688,b2694d20-e4e2-4049-aab5-c0c3ab9c34ab,200,Credit reporting,
10703,a21d643e-957b-44a1-ac98-c9de3cdc3b2a,200,Bank account or service,
10707,9717f4c7-32a9-4d12-8e0a-da1fbae1aa4a,200,Debt collection,
10710,4a7f7b7e-6eb8-44aa-9891-95d89d2b71b5,200,Bank account or service,
10711,61e4db86-c830-4e48-a1b5-45c9da573265,200,Bank account or service,
10714,b8664d65-252e-4cb6-a414-efc3cb0ebbf4,200,Credit reporting,
10718,3cacda16-bcfa-4ae9-8bc9-1de2d9a578b9,200,Debt collection,
10722,bd544d1a-0727-4d12-a686-dc8f78eef145,200,Credit reporting,
10724,79da5d20-0d20-471e-836f-645c475a18a7,200,Bank account or service,
10746,2ab86e4e-2ac1-487e-bf2e-f8b991d60746,200,Debt collection,
10747,7f07f3d0-5bf0-4a40-90bb-0c8e467b2add,200,Debt collection,
10749,6fea3bba-3f31-4514-b422-499485fa29a1,200,Consumer loan,
10750,c30556d0-457a-44ed-abfe-4df281bef953,200,Credit reporting,
10754,714c0b2b-c47b-4d92-94d2-388955206f48,200,Bank account or service,
10762,c0ae42e1-cfdd-454f-b571-6075ed98aba8,200,Debt collection,
10763,74b907d8-a707-4537-ba79-52cb0a86a1ed,200,Credit reporting,
10765,d25cfe6f-a865-45d0-b47b-298d253b706c,200,Bank account or service,
10770,3c5009da-8c46-4d2f-9b4d-cf3907dd7443,200,Bank account or service,
10774,5859ffa1-f603-465c-8554-6b13bd5ceece,200,Credit reporting,
10785,ef4ca567-6375-4751-a396-48657e959b24,200,Credit reporting,
10789,328ab8ca-e8e5-4478-a92f-dacc6e793934,200,Bank account or service,
10790,90da50cb-bd5e-4666-bd86-b3cfd33f2a80,200,Credit reporting,
10792,1a76954f-6dc2-49f7-8edc-1a3cfed2d3c2,200,Debt collection,
10796,7b346205-f5d1-4020-8d23-63824d38745a,200,Consumer loan,
10799,eb80b5cc-39b8-4db5-bcee-e6c35e67bf9e,200,Credit reporting,
10803,f738fd59-7eda-4490-9574-a72fa883d41d,200,Credit reporting,
10805,34fbf77a-0aae-4a30-9cb8-67ce9af08d42,200,Bank account or service,
10818,800dd797-0c03-4bb4-babd-f7566f8bfcf5,200,Debt collection,
10822,d8559b78-5035-4b3b-b065-592cb37f4ba1,200,Consumer loan,
10827,e2114f63-2842-476e-9bd9-70a0ab0ce984,200,Debt collection,
10829,8e7834ec-3384-4961-be06-b445b2f6b8cb,200,Credit reporting,
10840,7066e2be-983c-4514-a086-1b1d05e0d5ce,200,Credit reporting,
10846,96d705d8-a8cc-4305-b238-90d588b67c5e,200,Debt collection,
10858,dfed304e-77f4-4dba-943c-35c544023777,200,Bank account or service,
10866,206481da-e8cd-412d-8c3c-5838bf443f88,200,Debt collection,
10873,10b9cee2-44f3-4fc0-a4fb-81122146b012,200,Consumer loan,
10877,9a2f26cf-37c1-46a1-9b8d-0e30c0c8d210,200,Credit reporting,
10887,4e4f4130-408d-423d-9a97-ad826e41d0fa,200,Credit reporting,
10889,541f8ce9-5b8e-408c-b69c-1b151050aa7e,200,Bank account or service,
10900,2c96b0c8-9921-4cf5-9809-0c3a154d1fe0,200,Consumer loan,
10901,c5a581cf-6754-4113-a1bd-85cadfbf0246,200,Credit reporting,
10904,ab9c31d1-c153-447e-9fea-f2d00f90ac49,200,Consumer loan,
10914,c5ba078a-24d0-4810-a7a2-84421ef611b6,200,Credit card,
10933,5485c2ad-843a-4ad5-a6a6-baaa3739e5be,200,Bank account or service,
10945,a9543b3c-d024-4316-852e-a264507db428,200,Consumer loan,
10950,2dd654d3-dff4-45f8-a876-d86b41592d19,200,Debt collection,
10951,d655fae2-74f7-44d2-95f5-f61332b6ebb3,200,Bank account or service,
10957,fbb6bf3b-b3bd-4feb-8339-9a77d75b7ed2,200,Consumer loan,
10962,1daba2a2-a0b3-4539-9aa3-11f6d9a879c1,200,Bank account or service,
10967,4c9b347b-aee8-449a-b661-2f299dfe230b,200,Consumer loan,
10970,10cc9946-0722-41bd-9bad-d0f2e35393d5,200,Debt collection,
10971,ed639952-bdfa-4c3d-ae9a-51a8f1060107,200,Bank account or service,
10976,fd57ab41-7fd7-4690-8b07-7c3d3e017461,200,Bank account or service,
10982,6a230abc-86b7-404d-9305-e9f934b43408,200,Credit reporting,
10983,2cb16e6c-9d9d-4ad9-a7a1-0b370fe13270,200,Bank account or service,
10989,51205326-4641-41d0-aaf6-5633361a590f,200,Consumer loan,
10996,0982d294-df89-4e9e-a681-f8e218516914,200,Credit reporting,
