row_number,chars,words,approx_tokens
10000,539,99,135
10001,720,128,180
10002,1202,220,301
10003,921,165,231
10004,872,142,218
10005,1923,284,481
10006,315,53,79
10007,709,101,178
10008,443,84,111
10009,361,59,91
10010,1034,182,259
10011,324,57,81
10012,1917,336,480
10013,316,57,79
10014,1072,182,268
10015,1897,377,475
10016,540,90,135
10017,405,66,102
10018,309,54,78
10019,449,83,113
10020,1519,290,380
10021,1438,245,360
10022,245,42,62
10023,564,100,141
10024,479,84,120
10025,268,50,67
10026,481,75,121
10027,710,125,178
10028,561,103,141
10029,583,114,146
10030,808,120,202
10031,862,143,216
10032,1482,295,371
10033,1373,278,344
10034,1295,213,324
10035,276,47,69
10036,1574,260,394
10037,912,189,228
10038,672,125,168
10039,1065,164,267
10040,860,162,215
10041,645,109,162
10042,463,84,116
10043,1247,226,312
10044,399,76,100
10045,855,156,214
10046,1029,163,258
10047,343,60,86
10048,1408,229,352
10049,615,107,154
10050,1012,177,253
10051,757,134,190
10052,1026,185,257
10053,329,68,83
10054,625,120,157
10055,999,167,250
10056,731,107,183
10057,731,106,183
10058,569,103,143
10059,937,164,235
10060,1576,276,394
10061,736,123,184
10062,903,166,226
10063,1029,182,258
10064,700,135,175
10065,1193,203,299
10066,1347,226,337
10067,950,163,238
10068,592,120,148
10069,221,43,56
10070,1456,257,364
10071,1089,185,273
10072,948,157,237
10073,678,117,170
10074,256,52,64
10075,1824,289,456
10076,426,78,107
10077,515,97,129
10078,709,102,178
10079,657,95,165
10080,682,97,171
10081,904,145,226
10082,507,102,127
10083,560,84,140
10084,258,48,65
10085,1318,219,330
10086,1100,184,275
10087,354,70,89
10088,229,39,58
10089,551,98,138
10090,766,140,192
10091,818,124,205
10092,1172,196,293
10093,1604,248,401
10094,1669,301,418
10095,1394,222,349
10096,827,153,207
10097,1777,313,445
10098,907,175,227
10099,1195,198,299
10100,338,57,85
10101,525,97,132
10102,914,169,229
10103,256,48,64
10104,378,69,95
10105,721,125,181
10106,1761,312,441
10107,1381,254,346
10108,725,118,182
10109,820,161,205
10110,1352,231,338
10111,657,115,165
10112,1650,287,413
10113,968,162,242
10114,1390,253,348
10115,1121,177,281
10116,1381,236,346
10117,568,95,142
10118,825,129,207
10119,1461,239,366
10120,317,55,80
10121,258,52,65
10122,1462,272,366
10123,450,74,113
10124,219,35,55
10125,468,68,117
10126,941,147,236
10127,1947,305,487
10128,1006,179,252
10129,1377,238,345
10130,246,43,62
10131,1966,300,492
10132,683,134,171
10133,1448,219,362
10134,1490,252,373
10135,1196,203,299
10136,1113,192,279
10137,1708,303,427
10138,689,126,173
10139,637,91,160
10140,495,88,124
10141,399,65,100
10142,1271,196,318
10143,1017,183,255
10144,1292,247,323
10145,1156,184,289
10146,1500,246,375
10147,673,121,169
10148,262,41,66
10149,1785,333,447
10150,317,61,80
10151,332,58,83
10152,1120,204,280
10153,649,97,163
10154,1147,223,287
10155,1873,336,469
10156,1942,365,486
10157,1335,224,334
10158,560,104,140
10159,390,68,98
10160,658,124,165
10161,1859,284,465
10162,571,117,143
10163,857,146,215
10164,1078,198,270
10165,1324,239,331
10166,580,105,145
10167,825,143,207
10168,694,137,174
10169,1967,374,492
10170,303,51,76
10171,1429,263,358
10172,495,80,124
10173,1196,198,299
10174,1581,249,396
10175,454,89,114
10176,1519,311,380
10177,375,63,94
10178,666,111,167
10179,789,151,198
10180,979,178,245
10181,552,101,138
10182,300,59,75
10183,465,81,117
10184,678,135,170
10185,1629,236,408
10186,1786,335,447
10187,636,113,159
10188,505,94,127
10189,1202,221,301
10190,259,42,65
10191,249,51,63
10192,283,50,71
10193,250,54,63
10194,1484,243,371
10195,961,180,241
10196,314,56,79
10197,1451,266,363
10198,1236,220,309
10199,614,113,154
10200,347,60,87
10201,892,169,223
10202,684,128,171
10203,1337,227,335
10204,655,111,164
10205,1976,378,494
10206,737,117,185
10207,657,118,165
10208,352,52,88
10209,1634,325,409
10210,329,58,83
10211,1258,231,315
10212,232,39,58
10213,1877,329,470
10214,1264,223,316
10215,227,40,57
10216,642,104,161
10217,201,37,51
10218,479,98,120
10219,723,115,181
10220,390,74,98
10221,1035,159,259
10222,1607,295,402
10223,856,139,214
10224,758,137,190
10225,1733,316,434
10226,1651,286,413
10227,1632,309,408
10228,1276,232,319
10229,739,142,185
10230,503,83,126
10231,261,49,66
10232,759,134,190
10233,1110,229,278
10234,209,32,53
10235,530,95,133
10236,1234,187,309
10237,1313,246,329
10238,1122,240,281
10239,427,88,107
10240,783,155,196
10241,890,168,223
10242,451,78,113
10243,307,58,77
10244,1228,202,307
10245,1723,258,431
10246,827,168,207
10247,1042,186,261
10248,1366,241,342
10249,1558,240,390
10250,630,103,158
10251,458,75,115
10252,330,59,83
10253,614,100,154
10254,642,130,161
10255,816,143,204
10256,618,109,155
10257,395,73,99
10258,957,155,240
10259,559,104,140
10260,1977,342,495
10261,413,67,104
10262,706,127,177
10263,231,35,58
10264,389,64,98
10265,1228,231,307
10266,737,126,185
10267,365,64,92
10268,1192,184,298
10269,331,56,83
10270,606,110,152
10271,333,67,84
10272,725,140,182
10273,554,98,139
10274,1748,301,437
10275,1123,192,281
10276,1577,294,395
10277,666,125,167
10278,481,83,121
10279,320,56,80
10280,415,72,104
10281,1984,382,496
10282,1465,236,367
10283,957,168,240
10284,414,73,104
10285,613,115,154
10286,970,140,243
10287,628,116,157
10288,830,163,208
10289,932,160,233
10290,499,84,125
10291,374,63,94
10292,1936,288,484
10293,279,53,70
10294,946,153,237
10295,1349,232,338
10296,791,151,198
10297,334,61,84
10298,387,68,97
10299,1672,313,418
10300,380,64,95
10301,1249,220,313
10302,542,95,136
10303,1125,205,282
10304,646,95,162
10305,918,149,230
10306,301,49,76
10307,384,69,96
10308,1939,339,485
10309,253,48,64
10310,1399,203,350
10311,433,78,109
10312,543,90,136
10313,1215,209,304
10314,978,161,245
10315,918,162,230
10316,638,98,160
10317,1981,310,496
10318,1401,214,351
10319,426,81,107
10320,642,92,161
10321,1812,348,453
10322,1148,196,287
10323,792,144,198
10324,318,56,80
10325,1671,255,418
10326,1165,184,292
10327,567,113,142
10328,1615,282,404
10329,207,44,52
10330,683,114,171
10331,1231,201,308
10332,677,117,170
10333,1042,203,261
10334,227,40,57
10335,881,155,221
10336,1062,179,266
10337,643,124,161
10338,236,41,59
10339,1388,255,347
10340,498,82,125
10341,481,83,121
10342,1683,270,421
10343,1109,198,278
10344,1980,382,495
10345,487,89,122
10346,496,88,124
10347,637,117,160
10348,1229,193,308
10349,1883,338,471
10350,1386,242,347
10351,725,105,182
10352,1205,213,302
10353,1357,232,340
10354,1864,268,466
10355,237,47,60
10356,655,129,164
10357,1391,243,348
10358,619,106,155
10359,1953,287,489
10360,298,52,75
10361,730,105,183
10362,411,81,103
10363,305,47,77
10364,669,134,168
10365,531,94,133
10366,650,106,163
10367,1041,196,261
10368,586,116,147
10369,473,83,119
10370,1256,224,314
10371,997,188,250
10372,488,98,122
10373,402,82,101
10374,335,63,84
10375,1215,185,304
10376,1439,259,360
10377,471,84,118
10378,878,150,220
10379,854,168,214
10380,1240,234,310
10381,1042,184,261
10382,1587,257,397
10383,595,91,149
10384,702,121,176
10385,793,145,199
10386,690,116,173
10387,520,109,130
10388,523,98,131
10389,821,146,206
10390,544,96,136
10391,500,93,125
10392,640,132,160
10393,450,83,113
10394,1127,207,282
10395,661,123,166
10396,1139,175,285
10397,1468,260,367
10398,1144,184,286
10399,603,108,151
10400,1096,213,274
10401,894,146,224
10402,1039,170,260
10403,721,135,181
10404,1106,203,277
10405,1075,190,269
10406,587,99,147
10407,1278,217,320
10408,648,124,162
10409,217,36,55
10410,1055,193,264
10411,384,69,96
10412,631,105,158
10413,1162,204,291
10414,1131,168,283
10415,1256,194,314
10416,1592,245,398
10417,341,63,86
10418,358,75,90
10419,303,48,76
10420,492,92,123
10421,295,56,74
10422,1582,273,396
10423,1047,164,262
10424,935,131,234
10425,629,89,158
10426,495,90,124
10427,521,96,131
10428,213,42,54
10429,1139,205,285
10430,1661,286,416
10431,525,77,132
10432,447,81,112
10433,666,120,167
10434,1405,224,352
10435,724,138,181
10436,212,36,53
10437,610,115,153
10438,1478,268,370
10439,392,77,98
10440,1216,228,304
10441,1722,348,431
10442,1967,323,492
10443,953,174,239
10444,1284,235,321
10445,551,101,138
10446,660,95,165
10447,961,171,241
10448,264,47,66
10449,881,160,221
10450,1057,153,265
10451,458,87,115
10452,1342,236,336
10453,1733,280,434
10454,796,107,199
10455,675,112,169
10456,652,113,163
10457,823,142,206
10458,518,79,130
10459,600,103,150
10460,906,168,227
10461,286,51,72
10462,1825,335,457
10463,482,82,121
10464,857,159,215
10465,1685,293,422
10466,414,71,104
10467,339,53,85
10468,459,85,115
10469,308,66,77
10470,314,60,79
10471,737,135,185
10472,392,70,98
10473,1212,214,303
10474,405,72,102
10475,1017,176,255
10476,904,153,226
10477,1163,197,291
10478,798,146,200
10479,288,53,72
10480,1374,241,344
10481,962,158,241
10482,673,120,169
10483,366,63,92
10484,1397,271,350
10485,1167,199,292
10486,472,84,118
10487,1110,212,278
10488,479,80,120
10489,365,62,92
10490,1193,231,299
10491,1764,316,441
10492,663,118,166
10493,522,81,131
10494,348,67,87
10495,428,84,107
10496,588,107,147
10497,264,49,66
10498,1081,192,271
10499,666,117,167
10500,781,145,196
10501,1997,324,500
10502,530,91,133
10503,338,63,85
10504,412,80,103
10505,400,75,100
10506,1666,304,417
10507,846,141,212
10508,1495,231,374
10509,1181,225,296
10510,564,95,141
10511,578,91,145
10512,453,82,114
10513,541,94,136
10514,805,154,202
10515,1413,260,354
10516,312,54,78
10517,353,63,89
10518,628,120,157
10519,1145,202,287
10520,1292,242,323
10521,718,125,180
10522,1122,162,281
10523,1189,232,298
10524,1793,340,449
10525,1247,244,312
10526,339,60,85
10527,1610,255,403
10528,452,85,113
10529,811,125,203
10530,738,154,185
10531,567,93,142
10532,399,71,100
10533,1314,254,329
10534,261,45,66
10535,388,70,97
10536,726,106,182
10537,406,70,102
10538,866,166,217
10539,224,38,56
10540,1018,169,255
10541,441,73,111
10542,822,155,206
10543,1073,173,269
10544,1008,172,252
10545,675,96,169
10546,619,115,155
10547,1099,212,275
10548,904,150,226
10549,1055,169,264
10550,1327,248,332
10551,621,89,156
10552,541,101,136
10553,762,133,191
10554,711,129,178
10555,325,57,82
10556,1775,295,444
10557,888,152,222
10558,559,111,140
10559,687,117,172
10560,257,36,65
10561,456,81,114
10562,1491,273,373
10563,549,97,138
10564,536,101,134
10565,381,73,96
10566,366,65,92
10567,1575,264,394
10568,1351,227,338
10569,1272,219,318
10570,653,105,164
10571,1206,216,302
10572,1951,297,488
10573,975,182,244
10574,451,72,113
10575,391,73,98
10576,350,48,88
10577,304,60,76
10578,315,52,79
10579,531,104,133
10580,1484,124,371
10581,865,150,217
10582,1084,174,271
10583,1217,197,305
10584,364,62,91
10585,437,79,110
10586,1819,323,455
10587,593,110,149
10588,508,89,127
10589,1067,171,267
10590,1254,204,314
10591,594,107,149
10592,539,99,135
10593,342,60,86
10594,1307,211,327
10595,289,54,73
10596,970,162,243
10597,329,60,83
10598,833,136,209
10599,1467,264,367
10600,930,148,233
10601,358,67,90
10602,256,53,64
10603,767,129,192
10604,231,42,58
10605,201,33,51
10606,392,70,98
10607,232,41,58
10608,961,157,241
10609,229,51,58
10610,298,50,75
10611,1688,296,422
10612,1074,181,269
10613,860,173,215
10614,697,131,175
10615,300,54,75
10616,974,195,244
10617,740,115,185
10618,1654,308,414
10619,619,79,155
10620,596,92,149
10621,1096,178,274
10622,282,55,71
10623,239,45,60
10624,414,71,104
10625,939,162,235
10626,1373,217,344
10627,744,111,186
10628,257,48,65
10629,336,62,84
10630,823,136,206
10631,525,105,132
10632,990,189,248
10633,546,100,137
10634,1035,209,259
10635,594,90,149
10636,868,146,217
10637,1072,177,268
10638,1920,291,480
10639,386,73,97
10640,548,97,137
10641,1092,204,273
10642,281,52,71
10643,783,136,196
10644,915,127,229
10645,732,161,183
10646,1338,266,335
10647,356,66,89
10648,355,66,89
10649,328,62,82
10650,909,147,228
10651,731,105,183
10652,269,54,68
10653,798,143,200
10654,422,75,106
10655,1394,236,349
10656,1668,243,417
10657,1774,307,444
10658,1866,344,467
10659,937,155,235
10660,518,91,130
10661,565,95,142
10662,1150,208,288
10663,387,71,97
10664,578,93,145
10665,617,122,155
10666,248,43,62
10667,833,155,209
10668,781,139,196
10669,463,90,116
10670,926,169,232
10671,1795,283,449
10672,730,108,183
10673,477,77,120
10674,1693,265,424
10675,1448,269,362
10676,420,73,105
10677,1458,259,365
10678,1713,314,429
10679,1125,179,282
10680,860,156,215
10681,522,92,131
10682,398,69,100
10683,228,46,57
10684,1020,152,255
10685,749,130,188
10686,839,156,210
10687,665,102,167
10688,1358,224,340
10689,1342,229,336
10690,803,139,201
10691,900,158,225
10692,1922,320,481
10693,1553,235,389
10694,1186,209,297
10695,1075,184,269
10696,525,77,132
10697,492,78,123
10698,573,97,144
10699,607,115,152
10700,415,73,104
10701,736,118,184
10702,1288,215,322
10703,1193,208,299
10704,395,74,99
10705,344,62,86
10706,1761,307,441
10707,1675,313,419
10708,797,134,200
10709,1487,276,372
10710,680,136,170
10711,654,127,164
10712,727,150,182
10713,1813,258,454
10714,377,61,95
10715,866,157,217
10716,906,177,227
10717,522,98,131
10718,215,40,54
10719,1249,220,313
10720,587,89,147
10721,529,80,133
10722,598,95,150
10723,665,117,167
10724,303,56,76
10725,433,82,109
10726,389,67,98
10727,833,154,209
10728,1217,229,305
10729,1999,308,500
10730,1396,235,349
10731,833,120,209
10732,237,42,60
10733,649,112,163
10734,1186,202,297
10735,368,68,92
10736,247,36,62
10737,641,92,161
10738,815,148,204
10739,1232,230,308
10740,587,94,147
10741,1362,212,341
10742,387,74,97
10743,250,45,63
10744,624,100,156
10745,719,121,180
10746,1153,182,289
10747,208,38,52
10748,1843,336,461
10749,848,138,212
10750,422,59,106
10751,1249,202,313
10752,1163,193,291
10753,719,141,180
10754,1815,312,454
10755,1138,196,285
10756,445,81,112
10757,588,105,147
10758,771,145,193
10759,1463,248,366
10760,239,51,60
10761,647,108,162
10762,1229,225,308
10763,845,138,212
10764,787,114,197
10765,723,104,181
10766,437,75,110
10767,432,77,108
10768,203,39,51
10769,706,112,177
10770,1058,185,265
10771,358,63,90
10772,1459,235,365
10773,1083,185,271
10774,513,88,129
10775,1301,220,326
10776,235,45,59
10777,1251,212,313
10778,684,127,171
10779,223,44,56
10780,265,50,67
10781,1799,263,450
10782,614,117,154
10783,604,122,151
10784,1109,207,278
10785,1961,362,491
10786,918,157,230
10787,1049,188,263
10788,396,74,99
10789,932,175,233
10790,1224,219,306
10791,770,126,193
10792,1130,213,283
10793,653,111,164
10794,465,75,117
10795,1067,172,267
10796,1807,342,452
10797,1904,312,476
10798,1085,197,272
10799,1402,224,351
10800,245,49,62
10801,925,176,232
10802,944,175,236
10803,1759,358,440
10804,1469,259,368
10805,471,96,118
10806,1006,200,252
10807,601,115,151
10808,617,109,155
10809,873,158,219
10810,1818,340,455
10811,1472,276,368
10812,588,102,147
10813,1203,206,301
10814,1202,216,301
10815,599,95,150
10816,455,87,114
10817,1402,253,351
10818,309,55,78
10819,384,75,96
10820,1712,299,428
10821,1190,217,298
10822,1145,203,287
10823,204,31,51
10824,217,43,55
10825,1047,193,262
10826,1805,297,452
10827,1670,310,418
10828,1719,328,430
10829,1530,266,383
10830,621,107,156
10831,457,78,115
10832,727,120,182
10833,1971,304,493
10834,711,90,178
10835,856,152,214
10836,1095,211,274
10837,436,83,109
10838,634,109,159
10839,1392,220,348
10840,1889,320,473
10841,1064,173,266
10842,214,39,54
10843,775,148,194
10844,366,72,92
10845,1198,170,300
10846,1055,180,264
10847,391,81,98
10848,1428,264,357
10849,767,142,192
10850,1319,223,330
10851,657,94,165
10852,716,137,179
10853,402,72,101
10854,861,147,216
10855,320,55,80
10856,424,82,106
10857,1625,322,407
10858,1127,197,282
10859,1372,244,343
10860,278,47,70
10861,203,35,51
10862,516,78,129
10863,815,149,204
10864,1551,256,388
10865,264,41,66
10866,1050,194,263
10867,593,106,149
10868,765,142,192
10869,721,124,181
10870,205,29,52
10871,410,66,103
10872,1239,233,310
10873,1312,216,328
10874,928,153,232
10875,957,186,240
10876,376,67,94
10877,840,120,210
10878,673,123,169
10879,1006,196,252
10880,630,111,158
10881,783,124,196
10882,205,31,52
10883,1877,352,470
10884,401,71,101
10885,661,116,166
10886,1862,332,466
10887,294,51,74
10888,874,156,219
10889,473,86,119
10890,840,134,210
10891,839,160,210
10892,743,129,186
10893,435,94,109
10894,1583,252,396
10895,318,63,80
10896,1259,209,315
10897,1331,238,333
10898,595,113,149
10899,1738,332,435
10900,638,120,160
10901,636,120,159
10902,456,77,114
10903,1125,177,282
10904,1934,293,484
10905,1132,217,283
10906,930,178,233
10907,1889,321,473
10908,370,74,93
10909,667,129,167
10910,749,141,188
10911,781,140,196
10912,248,45,62
10913,651,109,163
10914,1081,180,271
10915,401,82,101
10916,1255,213,314
10917,790,147,198
10918,1596,273,399
10919,265,51,67
10920,480,90,120
10921,866,159,217
10922,208,39,52
10923,878,144,220
10924,699,134,175
10925,880,152,220
10926,1614,294,404
10927,413,74,104
10928,220,43,55
10929,1149,211,288
10930,471,88,118
10931,1444,291,361
10932,1353,234,339
10933,357,59,90
10934,1814,313,454
10935,240,36,60
10936,634,119,159
10937,685,118,172
10938,1657,299,415
10939,1797,344,450
10940,437,82,110
10941,659,95,165
10942,797,146,200
10943,460,93,115
10944,1556,264,389
10945,1984,335,496
10946,1665,298,417
10947,1227,217,307
10948,1029,181,258
10949,1182,207,296
10950,951,180,238
10951,751,128,188
10952,342,69,86
10953,247,47,62
10954,1867,345,467
10955,235,42,59
10956,923,185,231
10957,564,118,141
10958,908,176,227
10959,1836,336,459
10960,579,87,145
10961,1606,298,402
10962,499,93,125
10963,997,181,250
10964,416,82,104
10965,1201,204,301
10966,1038,182,260
10967,881,157,221
10968,659,96,165
10969,474,82,119
10970,563,97,141
10971,459,85,115
10972,475,88,119
10973,367,66,92
10974,271,50,68
10975,1273,180,319
10976,445,79,112
10977,560,96,140
10978,885,168,222
10979,595,110,149
10980,1983,365,496
10981,1273,230,319
10982,409,67,103
10983,665,115,167
10984,912,157,228
10985,973,155,244
10986,1679,280,420
10987,258,45,65
10988,1055,177,264
10989,269,53,68
10990,504,85,126
10991,1195,191,299
10992,263,50,66
10993,1374,252,344
10994,491,76,123
10995,641,124,161
10996,224,38,56
10997,287,44,72
10998,1172,214,293
10999,864,147,216
