run_id,model_tag,plan,rate,rate_per_min,run_index,mode,samples,errors,error_rate_pct,client_p50_ms,client_p95_ms,client_p99_ms,client_mean_ms,client_min_ms,client_max_ms,server_p50_ms,server_p95_ms,server_p99_ms,server_mean_ms,span_s,throughput_rps,throughput_per_hour,ok_throughput_rps,ok_throughput_per_hour,warmup_samples_excluded,service_log_lines,labels
20261008T163758Z_granite4-3b_load_post_tickets_1pm_run1,granite4:3b,load_post_tickets,1pm,1.0,1,real,10,0,0.0,1463.0,2397.1499999999996,2502.63,1583.1,920.0,2529.0,1452.1,2385.5049999999997,2493.181,1554.6399999999999,478.363,0.020904626821054303,75.25665655579549,0.020904626821054303,75.25665655579549,0,10,POST /tickets
20261008T163758Z_granite4-3b_load_post_tickets_1pm_run2,granite4:3b,load_post_tickets,1pm,1.0,2,real,10,0,0.0,1019.0,1787.599999999999,2087.12,1012.2,467.0,2162.0,909.35,1777.684999999999,2078.177,980.6700000000001,492.503,0.020304444846021244,73.09600144567648,0.020304444846021244,73.09600144567648,0,10,POST /tickets
20261008T163758Z_granite4-3b_load_post_tickets_1pm_run3,granite4:3b,load_post_tickets,1pm,1.0,3,real,10,0,0.0,801.0,1286.4499999999998,1329.29,884.5,470.0,1340.0,784.0,1259.11,1316.7820000000002,851.2700000000001,486.976,0.020534892889998685,73.92561440399527,0.020534892889998685,73.92561440399527,0,10,POST /tickets
20261008T171755Z_granite4-3b_load_post_tickets_4pm_run1,granite4:3b,load_post_tickets,4pm,4.0,1,real,40,0,0.0,1317.0,2717.7999999999993,3369.18,1528.825,515.0,3618.0,1208.4,2709.0749999999994,3348.573,1498.1174999999998,563.535,0.0709805069782711,255.52982512177596,0.0709805069782711,255.52982512177596,0,40,POST /tickets
20261008T171755Z_granite4-3b_load_post_tickets_4pm_run2,granite4:3b,load_post_tickets,4pm,4.0,2,real,40,0,0.0,1476.0,3022.2499999999995,3176.2,1582.3,516.0,3223.0,1462.2,3008.0099999999998,3165.9849999999997,1561.5725,560.688,0.07134092400764774,256.8273264275319,0.07134092400764774,256.8273264275319,0,40,POST /tickets
20261008T171755Z_granite4-3b_load_post_tickets_4pm_run3,granite4:3b,load_post_tickets,4pm,4.0,3,real,40,0,0.0,982.5,2713.7999999999993,3076.29,1185.65,502.0,3189.0,963.4,2704.3299999999995,3066.2219999999998,1149.5425,561.355,0.07125615697731381,256.5221651183297,0.07125615697731381,256.5221651183297,0,40,POST /tickets
20261008T175715Z_granite4-3b_load_post_tickets_12pm_run1,granite4:3b,load_post_tickets,12pm,12.0,1,real,120,0,0.0,1826.5,3741.499999999999,6056.900000000001,2014.825,520.0,6237.0,1774.55,3733.234999999999,6027.564,1980.9700000000003,592.332,0.2025890885516906,729.3207187860862,0.2025890885516906,729.3207187860862,0,120,POST /tickets
20261008T175715Z_granite4-3b_load_post_tickets_12pm_run2,granite4:3b,load_post_tickets,12pm,12.0,2,real,120,0,0.0,1480.0,3121.25,4102.490000000002,1544.425,462.0,4313.0,1470.65,3101.37,4089.9020000000014,1517.1316666666667,592.967,0.20237213875308407,728.5396995111026,0.20237213875308407,728.5396995111026,0,120,POST /tickets
20261008T175715Z_granite4-3b_load_post_tickets_12pm_run3,granite4:3b,load_post_tickets,12pm,12.0,3,real,120,0,0.0,1303.0,2857.0499999999997,3548.060000000001,1377.3666666666666,494.0,4375.0,1267.15,2845.48,3539.185000000001,1346.6625,598.412,0.2005307380199595,721.9106568718541,0.2005307380199595,721.9106568718541,0,120,POST /tickets
20261008T215538Z_granite4-3b_mixed_load_1pm_run1,granite4:3b,mixed_load,1pm,1.0,1,real,20,0,0.0,538.0,2109.8500000000004,2365.9699999999993,805.6,7.0,2430.0,479.35,2097.6000000000004,2355.9999999999995,779.135,595.981,0.03355811678560223,120.80922042816802,0.03355811678560223,120.80922042816802,0,20,GET /search;POST /tickets
20261008T215538Z_granite4-3b_mixed_load_1pm_run2,granite4:3b,mixed_load,1pm,1.0,2,real,20,0,0.0,302.5,1381.1500000000005,1976.229999999999,521.05,8.0,2125.0,270.45,1364.7150000000006,1919.742999999999,499.32000000000016,542.506,0.03686595171297645,132.71742616671523,0.03686595171297645,132.71742616671523,0,20,GET /search;POST /tickets
20261008T215538Z_granite4-3b_mixed_load_1pm_run3,granite4:3b,mixed_load,1pm,1.0,3,real,20,0,0.0,231.0,1279.9,1399.9799999999998,447.8,9.0,1430.0,219.95000000000002,1263.4450000000002,1302.129,417.67999999999995,492.667,0.040595371721670014,146.14333819801206,0.040595371721670014,146.14333819801206,0,20,GET /search;POST /tickets
20261008T124213Z_llama3.2-1b-instruct-q4_K_M_load_post_tickets_1pm_run1,llama3.2:1b-instruct-q4_K_M,load_post_tickets,1pm,1.0,1,real,10,0,0.0,594.0,959.15,978.23,667.3,464.0,983.0,563.95,947.5749999999999,968.635,638.1800000000001,479.147,0.020870421812095245,75.13351852354289,0.020870421812095245,75.13351852354289,0,10,POST /tickets
20261008T124213Z_llama3.2-1b-instruct-q4_K_M_load_post_tickets_1pm_run2,llama3.2:1b-instruct-q4_K_M,load_post_tickets,1pm,1.0,2,real,10,0,0.0,485.0,725.0499999999998,786.61,491.4,306.0,802.0,454.95000000000005,637.1299999999998,709.346,444.16999999999996,428.398,0.023342779378054984,84.03400576099794,0.023342779378054984,84.03400576099794,0,10,POST /tickets
20261008T124213Z_llama3.2-1b-instruct-q4_K_M_load_post_tickets_1pm_run3,llama3.2:1b-instruct-q4_K_M,load_post_tickets,1pm,1.0,3,real,10,0,0.0,422.5,610.9999999999999,639.8,429.7,297.0,647.0,362.25,600.0699999999999,630.094,405.1,315.631,0.03168256603438826,114.05723772379773,0.03168256603438826,114.05723772379773,0,10,POST /tickets
20261008T132139Z_llama3.2-1b-instruct-q4_K_M_load_post_tickets_4pm_run1,llama3.2:1b-instruct-q4_K_M,load_post_tickets,4pm,4.0,1,real,40,0,0.0,673.0,1034.2999999999997,1515.5499999999997,697.7,414.0,1771.0,638.1500000000001,1020.5199999999998,1449.6989999999996,666.0375,556.664,0.07185663164853484,258.68387393472545,0.07185663164853484,258.68387393472545,0,40,POST /tickets
20261008T132139Z_llama3.2-1b-instruct-q4_K_M_load_post_tickets_4pm_run2,llama3.2:1b-instruct-q4_K_M,load_post_tickets,4pm,4.0,2,real,40,0,0.0,523.0,1004.6999999999999,1114.3799999999999,580.15,310.0,1176.0,499.5,921.4899999999998,1053.709,545.61,557.265,0.07177913559975954,258.4048881591344,0.07177913559975954,258.4048881591344,0,40,POST /tickets
20261008T132139Z_llama3.2-1b-instruct-q4_K_M_load_post_tickets_4pm_run3,llama3.2:1b-instruct-q4_K_M,load_post_tickets,4pm,4.0,3,real,40,0,0.0,485.5,1036.1499999999999,1086.67,517.85,281.0,1105.0,444.15,1017.31,1071.9950000000001,487.9,591.991,0.06756859479282624,243.2469412541745,0.06756859479282624,243.2469412541745,0,40,POST /tickets
20261008T140042Z_llama3.2-1b-instruct-q4_K_M_load_post_tickets_12pm_run1,llama3.2:1b-instruct-q4_K_M,load_post_tickets,12pm,12.0,1,real,120,0,0.0,637.5,1229.7499999999995,1627.21,702.7666666666667,258.0,1881.0,619.0,1208.6849999999995,1614.758,676.675,597.681,0.2007759992370512,722.7935972533843,0.2007759992370512,722.7935972533843,0,120,POST /tickets
20261008T140042Z_llama3.2-1b-instruct-q4_K_M_load_post_tickets_12pm_run2,llama3.2:1b-instruct-q4_K_M,load_post_tickets,12pm,12.0,2,real,120,0,0.0,484.5,942.1,1116.44,509.28333333333336,218.0,1192.0,445.45,901.0399999999998,1082.908,479.3341666666666,582.694,0.20593999594984677,741.3839854194483,0.20593999594984677,741.3839854194483,0,120,POST /tickets
20261008T140042Z_llama3.2-1b-instruct-q4_K_M_load_post_tickets_12pm_run3,llama3.2:1b-instruct-q4_K_M,load_post_tickets,12pm,12.0,3,real,120,0,0.0,436.5,953.3,1073.5,482.1166666666667,260.0,1230.0,393.1,939.4649999999999,1056.0090000000002,452.7416666666667,596.675,0.20111450957388866,724.0122344659992,0.20111450957388866,724.0122344659992,0,120,POST /tickets
20261008T203649Z_llama3.2-1b-instruct-q4_K_M_mixed_load_1pm_run1,llama3.2:1b-instruct-q4_K_M,mixed_load,1pm,1.0,1,real,20,0,0.0,211.0,813.95,889.1899999999998,313.85,9.0,908.0,189.9,752.9250000000001,868.8249999999998,291.84499999999997,525.358,0.0380692784729651,137.04940250267438,0.0380692784729651,137.04940250267438,0,20,GET /search;POST /tickets
20261008T203649Z_llama3.2-1b-instruct-q4_K_M_mixed_load_1pm_run2,llama3.2:1b-instruct-q4_K_M,mixed_load,1pm,1.0,2,real,20,0,0.0,147.0,657.2000000000002,827.4399999999997,246.85,8.0,870.0,132.20000000000002,519.4650000000003,791.0129999999995,210.925,590.486,0.033870405056174065,121.93345820222663,0.033870405056174065,121.93345820222663,0,20,GET /search;POST /tickets
20261008T203649Z_llama3.2-1b-instruct-q4_K_M_mixed_load_1pm_run3,llama3.2:1b-instruct-q4_K_M,mixed_load,1pm,1.0,3,real,20,0,0.0,146.0,561.75,573.15,213.7,7.0,576.0,135.35,506.31,509.502,189.90500000000003,527.584,0.037908655304179056,136.4711590950446,0.037908655304179056,136.4711590950446,0,20,GET /search;POST /tickets
20261008T143947Z_llama3.2-3b_load_post_tickets_1pm_run1,llama3.2:3b,load_post_tickets,1pm,1.0,1,real,10,0,0.0,1320.5,2188.4999999999995,2379.3,1405.6,739.0,2427.0,1282.05,2149.7799999999997,2324.5960000000005,1365.8600000000001,341.819,0.029255249123073906,105.31889684306606,0.029255249123073906,105.31889684306606,0,10,POST /tickets
20261008T143947Z_llama3.2-3b_load_post_tickets_1pm_run2,llama3.2:3b,load_post_tickets,1pm,1.0,2,real,10,0,0.0,1365.5,2322.4499999999994,2509.29,1498.3,923.0,2556.0,1355.9,2291.4549999999995,2466.451,1475.8500000000001,515.513,0.01939815290788011,69.8333504683684,0.01939815290788011,69.8333504683684,0,10,POST /tickets
20261008T143947Z_llama3.2-3b_load_post_tickets_1pm_run3,llama3.2:3b,load_post_tickets,1pm,1.0,3,real,10,0,0.0,980.0,1743.749999999999,2055.15,1018.1,493.0,2133.0,969.6,1674.1899999999991,1946.998,970.7300000000001,497.156,0.020114410768450948,72.41187876642341,0.020114410768450948,72.41187876642341,0,10,POST /tickets
20261008T151917Z_llama3.2-3b_load_post_tickets_4pm_run1,llama3.2:3b,load_post_tickets,4pm,4.0,1,real,40,0,0.0,1132.5,2471.7999999999993,3514.619999999999,1417.45,505.0,4038.0,1066.8000000000002,2443.039999999999,3502.874999999999,1378.8825,586.575,0.06819247325576439,245.4929037207518,0.06819247325576439,245.4929037207518,0,40,POST /tickets
20261008T151917Z_llama3.2-3b_load_post_tickets_4pm_run2,llama3.2:3b,load_post_tickets,4pm,4.0,2,real,40,0,0.0,1025.0,2480.2499999999995,2663.32,1195.625,426.0,2668.0,1014.1,2462.1299999999997,2618.544,1163.8,577.388,0.06927750490138347,249.3990176449805,0.06927750490138347,249.3990176449805,0,40,POST /tickets
20261008T151917Z_llama3.2-3b_load_post_tickets_4pm_run3,llama3.2:3b,load_post_tickets,4pm,4.0,3,real,40,0,0.0,886.0,2338.2,2550.98,1007.275,434.0,2636.0,857.0,2281.5799999999995,2540.739,983.0200000000001,561.037,0.07129654550412896,256.66756381486425,0.07129654550412896,256.66756381486425,0,40,POST /tickets
20261008T155827Z_llama3.2-3b_load_post_tickets_12pm_run1,llama3.2:3b,load_post_tickets,12pm,12.0,1,real,120,0,0.0,1518.0,3489.5,3660.92,1650.7333333333333,438.0,4389.0,1502.6,3417.615,3649.685,1622.2441666666666,582.184,0.2061204017973699,742.0334464705317,0.2061204017973699,742.0334464705317,0,120,POST /tickets
20261008T155827Z_llama3.2-3b_load_post_tickets_12pm_run2,llama3.2:3b,load_post_tickets,12pm,12.0,2,real,120,0,0.0,1151.0,2401.1,3068.120000000001,1266.35,444.0,3744.0,1122.65,2317.6,3013.7690000000007,1232.0291666666667,584.594,0.20527066647964226,738.9743993267122,0.20527066647964226,738.9743993267122,0,120,POST /tickets
20261008T155827Z_llama3.2-3b_load_post_tickets_12pm_run3,llama3.2:3b,load_post_tickets,12pm,12.0,3,real,120,0,0.0,962.5,2508.85,3002.1400000000003,1131.7,434.0,3109.0,922.0999999999999,2457.795,2976.1220000000003,1102.3291666666667,586.649,0.20455161433838634,736.3858116181908,0.20455161433838634,736.3858116181908,0,120,POST /tickets
20261008T211609Z_llama3.2-3b_mixed_load_1pm_run1,llama3.2:3b,mixed_load,1pm,1.0,1,real,20,0,0.0,432.5,1963.0000000000002,2282.1999999999994,728.25,9.0,2362.0,373.75,1867.1500000000003,2252.4699999999993,691.4600000000002,486.782,0.041086153555390297,147.91015279940507,0.041086153555390297,147.91015279940507,0,20,GET /search;POST /tickets
20261008T211609Z_llama3.2-3b_mixed_load_1pm_run2,llama3.2:3b,mixed_load,1pm,1.0,2,real,20,0,0.0,239.0,1444.6000000000004,1818.5199999999993,486.3,9.0,1912.0,223.45,1367.6300000000003,1767.8459999999993,460.28000000000003,579.184,0.0345313406447692,124.31282632116911,0.0345313406447692,124.31282632116911,0,20,GET /search;POST /tickets
20261008T211609Z_llama3.2-3b_mixed_load_1pm_run3,llama3.2:3b,mixed_load,1pm,1.0,3,real,20,0,0.0,277.0,1073.1000000000001,1196.2199999999998,430.6,7.0,1227.0,215.3,1049.1700000000003,1182.4739999999997,397.10499999999996,522.572,0.038272238083938676,137.78005710217923,0.038272238083938676,137.78005710217923,0,20,GET /search;POST /tickets
20261008T183710Z_qwen2.5-7b_load_post_tickets_1pm_run1,qwen2.5:7b,load_post_tickets,1pm,1.0,1,real,10,0,0.0,3511.5,5520.5,5617.7,3611.0,1780.0,5642.0,3410.2,5484.335,5567.027,3559.66,544.272,0.018373166357997472,66.1433988887909,0.018373166357997472,66.1433988887909,0,10,POST /tickets
20261008T183710Z_qwen2.5-7b_load_post_tickets_1pm_run2,qwen2.5:7b,load_post_tickets,1pm,1.0,2,real,10,0,0.0,1884.0,3998.2999999999984,4482.860000000001,2080.9,911.0,4604.0,1860.1999999999998,3964.9749999999985,4433.875000000001,2054.0,568.995,0.017574846879146566,63.26944876492764,0.017574846879146566,63.26944876492764,0,10,POST /tickets
20261008T183710Z_qwen2.5-7b_load_post_tickets_1pm_run3,qwen2.5:7b,load_post_tickets,1pm,1.0,3,real,10,0,0.0,1397.0,2584.6,2596.12,1583.3,802.0,2599.0,1355.5500000000002,2470.335,2480.3070000000002,1528.7099999999998,572.963,0.017453133972001683,62.83128229920606,0.017453133972001683,62.83128229920606,0,10,POST /tickets
20261008T191813Z_qwen2.5-7b_load_post_tickets_4pm_run1,qwen2.5:7b,load_post_tickets,4pm,4.0,1,real,40,0,0.0,2740.0,9443.049999999994,12209.13,3929.725,760.0,12495.0,2729.6000000000004,9432.814999999993,12194.682999999999,3894.565,573.654,0.06972844258037075,251.0223932893347,0.06972844258037075,251.0223932893347,0,40,POST /tickets
20261008T191813Z_qwen2.5-7b_load_post_tickets_4pm_run2,qwen2.5:7b,load_post_tickets,4pm,4.0,2,real,40,0,0.0,2096.0,6537.999999999997,7848.919999999999,2580.325,630.0,8189.0,2078.45,6523.559999999998,7766.910999999999,2543.905,564.819,0.07081914737287522,254.94893054235078,0.07081914737287522,254.94893054235078,0,40,POST /tickets
20261008T191813Z_qwen2.5-7b_load_post_tickets_4pm_run3,qwen2.5:7b,load_post_tickets,4pm,4.0,3,real,40,0,0.0,1618.5,5069.249999999999,5537.03,1861.825,646.0,5663.0,1581.0500000000002,4988.7699999999995,5494.932,1824.27,570.076,0.07016608311874206,252.59789922747143,0.07016608311874206,252.59789922747143,0,40,POST /tickets
20261008T195733Z_qwen2.5-7b_load_post_tickets_12pm_run1,qwen2.5:7b,load_post_tickets,12pm,12.0,1,real,120,0,0.0,3641.5,8972.8,10232.520000000002,4159.091666666666,636.0,11129.0,3630.8999999999996,8934.724999999999,10196.866000000002,4127.983333333334,602.838,0.19905845351487467,716.6104326535489,0.19905845351487467,716.6104326535489,0,120,POST /tickets
20261008T195733Z_qwen2.5-7b_load_post_tickets_12pm_run2,qwen2.5:7b,load_post_tickets,12pm,12.0,2,real,120,0,0.0,2486.0,6587.199999999999,8529.0,2955.75,633.0,9265.0,2474.2,6577.079999999999,8520.29,2929.2941666666666,586.239,0.20469467230941646,736.9008203138992,0.20469467230941646,736.9008203138992,0,120,POST /tickets
20261008T195733Z_qwen2.5-7b_load_post_tickets_12pm_run3,qwen2.5:7b,load_post_tickets,12pm,12.0,3,real,120,0,0.0,1927.0,5013.0999999999985,7010.910000000002,2164.7916666666665,649.0,9790.0,1889.75,4998.099999999999,6936.908000000002,2129.01,597.733,0.20075853265588484,722.7307175611854,0.20075853265588484,722.7307175611854,0,120,POST /tickets
20261008T223511Z_qwen2.5-7b_mixed_load_1pm_run1,qwen2.5:7b,mixed_load,1pm,1.0,1,real,20,0,0.0,894.5,3990.9000000000005,4703.779999999999,1472.4,9.0,4882.0,846.2,3980.5800000000004,4693.155999999999,1452.79,563.689,0.03548055754148121,127.73000714933235,0.03548055754148121,127.73000714933235,0,20,GET /search;POST /tickets
20261008T223511Z_qwen2.5-7b_mixed_load_1pm_run2,qwen2.5:7b,mixed_load,1pm,1.0,2,real,20,0,0.0,796.5,5022.55,5243.71,1532.7,9.0,5299.0,771.6999999999999,4927.385,5217.477,1508.535,557.986,0.035843193198395656,129.03549551422435,0.035843193198395656,129.03549551422435,0,20,GET /search;POST /tickets
20261008T223511Z_qwen2.5-7b_mixed_load_1pm_run3,qwen2.5:7b,mixed_load,1pm,1.0,3,real,20,0,0.0,387.5,2482.550000000001,3661.309999999998,891.55,9.0,3956.0,327.4,2467.420000000001,3613.8039999999983,867.615,526.976,0.03795239251882439,136.6286130677678,0.03795239251882439,136.6286130677678,0,20,GET /search;POST /tickets
