run_id,model_tag,plan,rate,run_index,label,samples,errors,error_rate_pct,client_p50_ms,client_p95_ms,client_p99_ms,span_s,throughput_rps,throughput_per_hour
20261008T124213Z_llama3.2-1b-instruct-q4_K_M_load_post_tickets_1pm_run1,llama3.2:1b-instruct-q4_K_M,load_post_tickets,1pm,1,POST /tickets,10,0,0.0,594.0,959.15,978.23,479.147,0.020870421812095245,75.13351852354289
20261008T124213Z_llama3.2-1b-instruct-q4_K_M_load_post_tickets_1pm_run2,llama3.2:1b-instruct-q4_K_M,load_post_tickets,1pm,2,POST /tickets,10,0,0.0,485.0,725.0499999999998,786.61,428.398,0.023342779378054984,84.03400576099794
20261008T124213Z_llama3.2-1b-instruct-q4_K_M_load_post_tickets_1pm_run3,llama3.2:1b-instruct-q4_K_M,load_post_tickets,1pm,3,POST /tickets,10,0,0.0,422.5,610.9999999999999,639.8,315.631,0.03168256603438826,114.05723772379773
20261008T132139Z_llama3.2-1b-instruct-q4_K_M_load_post_tickets_4pm_run1,llama3.2:1b-instruct-q4_K_M,load_post_tickets,4pm,1,POST /tickets,40,0,0.0,673.0,1034.2999999999997,1515.5499999999997,556.664,0.07185663164853484,258.68387393472545
20261008T132139Z_llama3.2-1b-instruct-q4_K_M_load_post_tickets_4pm_run2,llama3.2:1b-instruct-q4_K_M,load_post_tickets,4pm,2,POST /tickets,40,0,0.0,523.0,1004.6999999999999,1114.3799999999999,557.265,0.07177913559975954,258.4048881591344
20261008T132139Z_llama3.2-1b-instruct-q4_K_M_load_post_tickets_4pm_run3,llama3.2:1b-instruct-q4_K_M,load_post_tickets,4pm,3,POST /tickets,40,0,0.0,485.5,1036.1499999999999,1086.67,591.991,0.06756859479282624,243.2469412541745
20261008T140042Z_llama3.2-1b-instruct-q4_K_M_load_post_tickets_12pm_run1,llama3.2:1b-instruct-q4_K_M,load_post_tickets,12pm,1,POST /tickets,120,0,0.0,637.5,1229.7499999999995,1627.21,597.681,0.2007759992370512,722.7935972533843
20261008T140042Z_llama3.2-1b-instruct-q4_K_M_load_post_tickets_12pm_run2,llama3.2:1b-instruct-q4_K_M,load_post_tickets,12pm,2,POST /tickets,120,0,0.0,484.5,942.1,1116.44,582.694,0.20593999594984677,741.3839854194483
20261008T140042Z_llama3.2-1b-instruct-q4_K_M_load_post_tickets_12pm_run3,llama3.2:1b-instruct-q4_K_M,load_post_tickets,12pm,3,POST /tickets,120,0,0.0,436.5,953.3,1073.5,596.675,0.20111450957388866,724.0122344659992
20261008T143947Z_llama3.2-3b_load_post_tickets_1pm_run1,llama3.2:3b,load_post_tickets,1pm,1,POST /tickets,10,0,0.0,1320.5,2188.4999999999995,2379.3,341.819,0.029255249123073906,105.31889684306606
20261008T143947Z_llama3.2-3b_load_post_tickets_1pm_run2,llama3.2:3b,load_post_tickets,1pm,2,POST /tickets,10,0,0.0,1365.5,2322.4499999999994,2509.29,515.513,0.01939815290788011,69.8333504683684
20261008T143947Z_llama3.2-3b_load_post_tickets_1pm_run3,llama3.2:3b,load_post_tickets,1pm,3,POST /tickets,10,0,0.0,980.0,1743.749999999999,2055.15,497.156,0.020114410768450948,72.41187876642341
20261008T151917Z_llama3.2-3b_load_post_tickets_4pm_run1,llama3.2:3b,load_post_tickets,4pm,1,POST /tickets,40,0,0.0,1132.5,2471.7999999999993,3514.619999999999,586.575,0.06819247325576439,245.4929037207518
20261008T151917Z_llama3.2-3b_load_post_tickets_4pm_run2,llama3.2:3b,load_post_tickets,4pm,2,POST /tickets,40,0,0.0,1025.0,2480.2499999999995,2663.32,577.388,0.06927750490138347,249.3990176449805
20261008T151917Z_llama3.2-3b_load_post_tickets_4pm_run3,llama3.2:3b,load_post_tickets,4pm,3,POST /tickets,40,0,0.0,886.0,2338.2,2550.98,561.037,0.07129654550412896,256.66756381486425
20261008T155827Z_llama3.2-3b_load_post_tickets_12pm_run1,llama3.2:3b,load_post_tickets,12pm,1,POST /tickets,120,0,0.0,1518.0,3489.5,3660.92,582.184,0.2061204017973699,742.0334464705317
20261008T155827Z_llama3.2-3b_load_post_tickets_12pm_run2,llama3.2:3b,load_post_tickets,12pm,2,POST /tickets,120,0,0.0,1151.0,2401.1,3068.120000000001,584.594,0.20527066647964226,738.9743993267122
20261008T155827Z_llama3.2-3b_load_post_tickets_12pm_run3,llama3.2:3b,load_post_tickets,12pm,3,POST /tickets,120,0,0.0,962.5,2508.85,3002.1400000000003,586.649,0.20455161433838634,736.3858116181908
20261008T163758Z_granite4-3b_load_post_tickets_1pm_run1,granite4:3b,load_post_tickets,1pm,1,POST /tickets,10,0,0.0,1463.0,2397.1499999999996,2502.63,478.363,0.020904626821054303,75.25665655579549
20261008T163758Z_granite4-3b_load_post_tickets_1pm_run2,granite4:3b,load_post_tickets,1pm,2,POST /tickets,10,0,0.0,1019.0,1787.599999999999,2087.12,492.503,0.020304444846021244,73.09600144567648
20261008T163758Z_granite4-3b_load_post_tickets_1pm_run3,granite4:3b,load_post_tickets,1pm,3,POST /tickets,10,0,0.0,801.0,1286.4499999999998,1329.29,486.976,0.020534892889998685,73.92561440399527
20261008T171755Z_granite4-3b_load_post_tickets_4pm_run1,granite4:3b,load_post_tickets,4pm,1,POST /tickets,40,0,0.0,1317.0,2717.7999999999993,3369.18,563.535,0.0709805069782711,255.52982512177596
20261008T171755Z_granite4-3b_load_post_tickets_4pm_run2,granite4:3b,load_post_tickets,4pm,2,POST /tickets,40,0,0.0,1476.0,3022.2499999999995,3176.2,560.688,0.07134092400764774,256.8273264275319
20261008T171755Z_granite4-3b_load_post_tickets_4pm_run3,granite4:3b,load_post_tickets,4pm,3,POST /tickets,40,0,0.0,982.5,2713.7999999999993,3076.29,561.355,0.07125615697731381,256.5221651183297
20261008T175715Z_granite4-3b_load_post_tickets_12pm_run1,granite4:3b,load_post_tickets,12pm,1,POST /tickets,120,0,0.0,1826.5,3741.499999999999,6056.900000000001,592.332,0.2025890885516906,729.3207187860862
20261008T175715Z_granite4-3b_load_post_tickets_12pm_run2,granite4:3b,load_post_tickets,12pm,2,POST /tickets,120,0,0.0,1480.0,3121.25,4102.490000000002,592.967,0.20237213875308407,728.5396995111026
20261008T175715Z_granite4-3b_load_post_tickets_12pm_run3,granite4:3b,load_post_tickets,12pm,3,POST /tickets,120,0,0.0,1303.0,2857.0499999999997,3548.060000000001,598.412,0.2005307380199595,721.9106568718541
20261008T183710Z_qwen2.5-7b_load_post_tickets_1pm_run1,qwen2.5:7b,load_post_tickets,1pm,1,POST /tickets,10,0,0.0,3511.5,5520.5,5617.7,544.272,0.018373166357997472,66.1433988887909
20261008T183710Z_qwen2.5-7b_load_post_tickets_1pm_run2,qwen2.5:7b,load_post_tickets,1pm,2,POST /tickets,10,0,0.0,1884.0,3998.2999999999984,4482.860000000001,568.995,0.017574846879146566,63.26944876492764
20261008T183710Z_qwen2.5-7b_load_post_tickets_1pm_run3,qwen2.5:7b,load_post_tickets,1pm,3,POST /tickets,10,0,0.0,1397.0,2584.6,2596.12,572.963,0.017453133972001683,62.83128229920606
20261008T191813Z_qwen2.5-7b_load_post_tickets_4pm_run1,qwen2.5:7b,load_post_tickets,4pm,1,POST /tickets,40,0,0.0,2740.0,9443.049999999994,12209.13,573.654,0.06972844258037075,251.0223932893347
20261008T191813Z_qwen2.5-7b_load_post_tickets_4pm_run2,qwen2.5:7b,load_post_tickets,4pm,2,POST /tickets,40,0,0.0,2096.0,6537.999999999997,7848.919999999999,564.819,0.07081914737287522,254.94893054235078
20261008T191813Z_qwen2.5-7b_load_post_tickets_4pm_run3,qwen2.5:7b,load_post_tickets,4pm,3,POST /tickets,40,0,0.0,1618.5,5069.249999999999,5537.03,570.076,0.07016608311874206,252.59789922747143
20261008T195733Z_qwen2.5-7b_load_post_tickets_12pm_run1,qwen2.5:7b,load_post_tickets,12pm,1,POST /tickets,120,0,0.0,3641.5,8972.8,10232.520000000002,602.838,0.19905845351487467,716.6104326535489
20261008T195733Z_qwen2.5-7b_load_post_tickets_12pm_run2,qwen2.5:7b,load_post_tickets,12pm,2,POST /tickets,120,0,0.0,2486.0,6587.199999999999,8529.0,586.239,0.20469467230941646,736.9008203138992
20261008T195733Z_qwen2.5-7b_load_post_tickets_12pm_run3,qwen2.5:7b,load_post_tickets,12pm,3,POST /tickets,120,0,0.0,1927.0,5013.0999999999985,7010.910000000002,597.733,0.20075853265588484,722.7307175611854
20261008T203649Z_llama3.2-1b-instruct-q4_K_M_mixed_load_1pm_run1,llama3.2:1b-instruct-q4_K_M,mixed_load,1pm,1,GET /search,10,0,0.0,13.0,17.199999999999996,18.64,482.558,0.02072289755842821,74.60243121034156
20261008T203649Z_llama3.2-1b-instruct-q4_K_M_mixed_load_1pm_run1,llama3.2:1b-instruct-q4_K_M,mixed_load,1pm,1,POST /tickets,10,0,0.0,566.5,863.4499999999999,899.09,454.637,0.021995570092183434,79.18405233186036
20261008T203649Z_llama3.2-1b-instruct-q4_K_M_mixed_load_1pm_run2,llama3.2:1b-instruct-q4_K_M,mixed_load,1pm,2,GET /search,10,0,0.0,9.5,12.099999999999998,12.82,531.686,0.0188080934987944,67.70913659565984
20261008T203649Z_llama3.2-1b-instruct-q4_K_M_mixed_load_1pm_run2,llama3.2:1b-instruct-q4_K_M,mixed_load,1pm,2,POST /tickets,10,0,0.0,434.5,769.1999999999998,849.84,590.486,0.016935202528087032,60.966729101113316
20261008T203649Z_llama3.2-1b-instruct-q4_K_M_mixed_load_1pm_run3,llama3.2:1b-instruct-q4_K_M,mixed_load,1pm,3,GET /search,10,0,0.0,12.0,14.0,14.0,436.385,0.0229155447597878,82.49596113523609
20261008T203649Z_llama3.2-1b-instruct-q4_K_M_mixed_load_1pm_run3,llama3.2:1b-instruct-q4_K_M,mixed_load,1pm,3,POST /tickets,10,0,0.0,384.0,569.25,574.65,527.584,0.018954327652089528,68.2355795475223
20261008T211609Z_llama3.2-3b_mixed_load_1pm_run1,llama3.2:3b,mixed_load,1pm,1,GET /search,10,0,0.0,11.0,14.549999999999999,14.91,424.776,0.023541819688494642,84.75055087858071
20261008T211609Z_llama3.2-3b_mixed_load_1pm_run1,llama3.2:3b,mixed_load,1pm,1,POST /tickets,10,0,0.0,1342.5,2172.9999999999995,2324.2000000000003,486.782,0.020543076777695148,73.95507639970253
20261008T211609Z_llama3.2-3b_mixed_load_1pm_run2,llama3.2:3b,mixed_load,1pm,2,GET /search,10,0,0.0,11.0,17.0,17.0,579.184,0.0172656703223846,62.156413160584556
20261008T211609Z_llama3.2-3b_mixed_load_1pm_run2,llama3.2:3b,mixed_load,1pm,2,POST /tickets,10,0,0.0,909.0,1690.5999999999995,1867.72,552.301,0.018106068973259146,65.18184830373292
20261008T211609Z_llama3.2-3b_mixed_load_1pm_run3,llama3.2:3b,mixed_load,1pm,3,GET /search,10,0,0.0,13.0,14.0,14.0,479.738,0.02084471107145984,75.04095985725543
20261008T211609Z_llama3.2-3b_mixed_load_1pm_run3,llama3.2:3b,mixed_load,1pm,3,POST /tickets,10,0,0.0,841.5,1154.1,1212.42,522.572,0.019136119041969338,68.89002855108961
20261008T215538Z_granite4-3b_mixed_load_1pm_run1,granite4:3b,mixed_load,1pm,1,GET /search,10,0,0.0,13.5,16.549999999999997,16.91,479.66,0.020848100738022766,75.05316265688195
20261008T215538Z_granite4-3b_mixed_load_1pm_run1,granite4:3b,mixed_load,1pm,1,POST /tickets,10,0,0.0,1565.0,2278.3499999999995,2399.67,586.896,0.017038793926010744,61.33965813363868
20261008T215538Z_granite4-3b_mixed_load_1pm_run2,granite4:3b,mixed_load,1pm,2,GET /search,10,0,0.0,12.0,15.549999999999999,15.91,539.352,0.018540767439445854,66.74676278200508
20261008T215538Z_granite4-3b_mixed_load_1pm_run2,granite4:3b,mixed_load,1pm,2,POST /tickets,10,0,0.0,920.0,1772.6499999999992,2054.53,449.447,0.022249564464775603,80.09843207319217
20261008T215538Z_granite4-3b_mixed_load_1pm_run3,granite4:3b,mixed_load,1pm,3,GET /search,10,0,0.0,13.0,15.0,15.0,441.014,0.022675017119637923,81.63006163069652
20261008T215538Z_granite4-3b_mixed_load_1pm_run3,granite4:3b,mixed_load,1pm,3,POST /tickets,10,0,0.0,783.5,1358.8999999999999,1415.78,474.839,0.021059769732477744,75.81517103691988
20261008T223511Z_qwen2.5-7b_mixed_load_1pm_run1,qwen2.5:7b,mixed_load,1pm,1,GET /search,10,0,0.0,13.0,139.74999999999977,220.75000000000003,561.692,0.017803351302849248,64.09206469025729
20261008T223511Z_qwen2.5-7b_mixed_load_1pm_run1,qwen2.5:7b,mixed_load,1pm,1,POST /tickets,10,0,0.0,2778.5,4459.899999999999,4797.58,444.54,0.022495163539838933,80.98258874342015
20261008T223511Z_qwen2.5-7b_mixed_load_1pm_run2,qwen2.5:7b,mixed_load,1pm,2,GET /search,10,0,0.0,11.0,15.199999999999996,16.64,542.069,0.018447835976600765,66.41220951576275
20261008T223511Z_qwen2.5-7b_mixed_load_1pm_run2,qwen2.5:7b,mixed_load,1pm,2,POST /tickets,10,0,0.0,2712.0,5168.049999999999,5272.81,557.986,0.017921596599197828,64.51774775711218
20261008T223511Z_qwen2.5-7b_mixed_load_1pm_run3,qwen2.5:7b,mixed_load,1pm,3,GET /search,10,0,0.0,12.0,15.549999999999999,15.91,526.976,0.018976196259412194,68.3143065338839
20261008T223511Z_qwen2.5-7b_mixed_load_1pm_run3,qwen2.5:7b,mixed_load,1pm,3,POST /tickets,10,0,0.0,1686.0,3258.0499999999984,3816.4100000000003,354.657,0.028196257228815448,101.50652602373562
