model_tag,plan,rate,rate_per_min,metric,runs,mean,min,max,sd,run_indexes,warning
granite4:3b,load_post_tickets,1pm,1.0,client_p50_ms,3,1094.3333333333333,801.0,1463.0,337.36824588768474,1;2;3,
granite4:3b,load_post_tickets,1pm,1.0,client_p95_ms,3,1823.7333333333327,1286.4499999999998,2397.1499999999996,556.2309195229382,1;2;3,
granite4:3b,load_post_tickets,1pm,1.0,client_p99_ms,3,1973.0133333333333,1329.29,2502.63,594.9343975879469,1;2;3,
granite4:3b,load_post_tickets,1pm,1.0,server_p95_ms,3,1807.4333333333327,1259.11,2385.5049999999997,563.7864369673442,1;2;3,
granite4:3b,load_post_tickets,1pm,1.0,throughput_rps,3,0.020581321519024743,0.020304444846021244,0.020904626821054303,0.00030277271010376017,1;2;3,
granite4:3b,load_post_tickets,1pm,1.0,throughput_per_hour,3,74.09275746848908,73.09600144567648,75.25665655579549,1.0899817563735337,1;2;3,
granite4:3b,load_post_tickets,1pm,1.0,ok_throughput_per_hour,3,74.09275746848908,73.09600144567648,75.25665655579549,1.0899817563735337,1;2;3,
granite4:3b,load_post_tickets,1pm,1.0,error_rate_pct,3,0.0,0.0,0.0,0.0,1;2;3,
granite4:3b,load_post_tickets,1pm,1.0,samples,3,10.0,10.0,10.0,0.0,1;2;3,
granite4:3b,load_post_tickets,4pm,4.0,client_p50_ms,3,1258.5,982.5,1476.0,251.89730050161316,1;2;3,
granite4:3b,load_post_tickets,4pm,4.0,client_p95_ms,3,2817.9499999999994,2713.7999999999993,3022.2499999999995,176.94029360210763,1;2;3,
granite4:3b,load_post_tickets,4pm,4.0,client_p99_ms,3,3207.223333333333,3076.29,3369.18,148.88913134723205,1;2;3,
granite4:3b,load_post_tickets,4pm,4.0,server_p95_ms,3,2807.138333333333,2704.3299999999995,3008.0099999999998,173.9761437908468,1;2;3,
granite4:3b,load_post_tickets,4pm,4.0,throughput_rps,3,0.07119252932107756,0.0709805069782711,0.07134092400764774,0.00018844486659169206,1;2;3,
granite4:3b,load_post_tickets,4pm,4.0,throughput_per_hour,3,256.2931055558792,255.52982512177596,256.8273264275319,0.6784015197300993,1;2;3,
granite4:3b,load_post_tickets,4pm,4.0,ok_throughput_per_hour,3,256.2931055558792,255.52982512177596,256.8273264275319,0.6784015197300993,1;2;3,
granite4:3b,load_post_tickets,4pm,4.0,error_rate_pct,3,0.0,0.0,0.0,0.0,1;2;3,
granite4:3b,load_post_tickets,4pm,4.0,samples,3,40.0,40.0,40.0,0.0,1;2;3,
granite4:3b,load_post_tickets,12pm,12.0,client_p50_ms,3,1536.5,1303.0,1826.5,266.2841527391369,1;2;3,
granite4:3b,load_post_tickets,12pm,12.0,client_p95_ms,3,3239.933333333333,2857.0499999999997,3741.499999999999,454.01239061652603,1;2;3,
granite4:3b,load_post_tickets,12pm,12.0,client_p99_ms,3,4569.1500000000015,3548.060000000001,6056.900000000001,1317.9143383012415,1;2;3,
granite4:3b,load_post_tickets,12pm,12.0,server_p95_ms,3,3226.6949999999997,2845.48,3733.234999999999,456.954047717054,1;2;3,
granite4:3b,load_post_tickets,12pm,12.0,throughput_rps,3,0.20183065510824472,0.2005307380199595,0.2025890885516906,0.0011309753008314652,1;2;3,
granite4:3b,load_post_tickets,12pm,12.0,throughput_per_hour,3,726.590358389681,721.9106568718541,729.3207187860862,4.0715110829932915,1;2;3,
granite4:3b,load_post_tickets,12pm,12.0,ok_throughput_per_hour,3,726.590358389681,721.9106568718541,729.3207187860862,4.0715110829932915,1;2;3,
granite4:3b,load_post_tickets,12pm,12.0,error_rate_pct,3,0.0,0.0,0.0,0.0,1;2;3,
granite4:3b,load_post_tickets,12pm,12.0,samples,3,120.0,120.0,120.0,0.0,1;2;3,
granite4:3b,mixed_load,1pm,1.0,client_p50_ms,3,357.1666666666667,231.0,538.0,160.63493808425778,1;2;3,
granite4:3b,mixed_load,1pm,1.0,client_p95_ms,3,1590.3000000000004,1279.9,2109.8500000000004,452.78255542809956,1;2;3,
granite4:3b,mixed_load,1pm,1.0,client_p99_ms,3,1914.0599999999995,1399.9799999999998,2365.9699999999993,485.98662707938763,1;2;3,
granite4:3b,mixed_load,1pm,1.0,server_p95_ms,3,1575.2533333333338,1263.4450000000002,2097.6000000000004,455.1905462093137,1;2;3,
granite4:3b,mixed_load,1pm,1.0,throughput_rps,3,0.03700648007341623,0.03355811678560223,0.040595371721670014,0.0035207315182882834,1;2;3,
granite4:3b,mixed_load,1pm,1.0,throughput_per_hour,3,133.22332826429843,120.80922042816802,146.14333819801206,12.674633465837827,1;2;3,
granite4:3b,mixed_load,1pm,1.0,ok_throughput_per_hour,3,133.22332826429843,120.80922042816802,146.14333819801206,12.674633465837827,1;2;3,
granite4:3b,mixed_load,1pm,1.0,error_rate_pct,3,0.0,0.0,0.0,0.0,1;2;3,
granite4:3b,mixed_load,1pm,1.0,samples,3,20.0,20.0,20.0,0.0,1;2;3,
llama3.2:1b-instruct-q4_K_M,load_post_tickets,1pm,1.0,client_p50_ms,3,500.5,422.5,594.0,86.79429704767475,1;2;3,
llama3.2:1b-instruct-q4_K_M,load_post_tickets,1pm,1.0,client_p95_ms,3,765.0666666666666,610.9999999999999,959.15,177.49114297151098,1;2;3,
llama3.2:1b-instruct-q4_K_M,load_post_tickets,1pm,1.0,client_p99_ms,3,801.5466666666667,639.8,978.23,169.7087040588471,1;2;3,
llama3.2:1b-instruct-q4_K_M,load_post_tickets,1pm,1.0,server_p95_ms,3,728.2583333333332,600.0699999999999,947.5749999999999,190.8355603872961,1;2;3,
llama3.2:1b-instruct-q4_K_M,load_post_tickets,1pm,1.0,throughput_rps,3,0.025298589074846164,0.020870421812095245,0.03168256603438826,0.005665201615870599,1;2;3,
llama3.2:1b-instruct-q4_K_M,load_post_tickets,1pm,1.0,throughput_per_hour,3,91.07492066944617,75.13351852354289,114.05723772379773,20.39472581713415,1;2;3,
llama3.2:1b-instruct-q4_K_M,load_post_tickets,1pm,1.0,ok_throughput_per_hour,3,91.07492066944617,75.13351852354289,114.05723772379773,20.39472581713415,1;2;3,
llama3.2:1b-instruct-q4_K_M,load_post_tickets,1pm,1.0,error_rate_pct,3,0.0,0.0,0.0,0.0,1;2;3,
llama3.2:1b-instruct-q4_K_M,load_post_tickets,1pm,1.0,samples,3,10.0,10.0,10.0,0.0,1;2;3,
llama3.2:1b-instruct-q4_K_M,load_post_tickets,4pm,4.0,client_p50_ms,3,560.5,485.5,673.0,99.21567416492215,1;2;3,
llama3.2:1b-instruct-q4_K_M,load_post_tickets,4pm,4.0,client_p95_ms,3,1025.05,1004.6999999999999,1036.1499999999999,17.64787522621342,1;2;3,
llama3.2:1b-instruct-q4_K_M,load_post_tickets,4pm,4.0,client_p99_ms,3,1238.8666666666666,1086.67,1515.5499999999997,240.01502293259324,1;2;3,
llama3.2:1b-instruct-q4_K_M,load_post_tickets,4pm,4.0,server_p95_ms,3,986.4399999999999,921.4899999999998,1020.5199999999998,56.27124398838188,1;2;3,
llama3.2:1b-instruct-q4_K_M,load_post_tickets,4pm,4.0,throughput_rps,3,0.07040145401370689,0.06756859479282624,0.07185663164853484,0.002453634025968473,1;2;3,
llama3.2:1b-instruct-q4_K_M,load_post_tickets,4pm,4.0,throughput_per_hour,3,253.44523444934475,243.2469412541745,258.68387393472545,8.833082493486515,1;2;3,
llama3.2:1b-instruct-q4_K_M,load_post_tickets,4pm,4.0,ok_throughput_per_hour,3,253.44523444934475,243.2469412541745,258.68387393472545,8.833082493486515,1;2;3,
llama3.2:1b-instruct-q4_K_M,load_post_tickets,4pm,4.0,error_rate_pct,3,0.0,0.0,0.0,0.0,1;2;3,
llama3.2:1b-instruct-q4_K_M,load_post_tickets,4pm,4.0,samples,3,40.0,40.0,40.0,0.0,1;2;3,
llama3.2:1b-instruct-q4_K_M,load_post_tickets,12pm,12.0,client_p50_ms,3,519.5,436.5,637.5,104.97142468310126,1;2;3,
llama3.2:1b-instruct-q4_K_M,load_post_tickets,12pm,12.0,client_p95_ms,3,1041.7166666666665,942.1,1229.7499999999995,162.9379048390314,1;2;3,
llama3.2:1b-instruct-q4_K_M,load_post_tickets,12pm,12.0,client_p99_ms,3,1272.3833333333334,1073.5,1627.21,308.0380389389163,1;2;3,
llama3.2:1b-instruct-q4_K_M,load_post_tickets,12pm,12.0,server_p95_ms,3,1016.3966666666665,901.0399999999998,1208.6849999999995,167.631209827804,1;2;3,
llama3.2:1b-instruct-q4_K_M,load_post_tickets,12pm,12.0,throughput_rps,3,0.20261016825359554,0.2007759992370512,0.20593999594984677,0.0028886781885626837,1;2;3,
llama3.2:1b-instruct-q4_K_M,load_post_tickets,12pm,12.0,throughput_per_hour,3,729.396605712944,722.7935972533843,741.3839854194483,10.399241478825623,1;2;3,
llama3.2:1b-instruct-q4_K_M,load_post_tickets,12pm,12.0,ok_throughput_per_hour,3,729.396605712944,722.7935972533843,741.3839854194483,10.399241478825623,1;2;3,
llama3.2:1b-instruct-q4_K_M,load_post_tickets,12pm,12.0,error_rate_pct,3,0.0,0.0,0.0,0.0,1;2;3,
llama3.2:1b-instruct-q4_K_M,load_post_tickets,12pm,12.0,samples,3,120.0,120.0,120.0,0.0,1;2;3,
llama3.2:1b-instruct-q4_K_M,mixed_load,1pm,1.0,client_p50_ms,3,168.0,146.0,211.0,37.242448899072144,1;2;3,
llama3.2:1b-instruct-q4_K_M,mixed_load,1pm,1.0,client_p95_ms,3,677.6333333333333,561.75,813.95,127.335583531601,1;2;3,
llama3.2:1b-instruct-q4_K_M,mixed_load,1pm,1.0,client_p99_ms,3,763.2599999999999,573.15,889.1899999999998,167.51007342843585,1;2;3,
llama3.2:1b-instruct-q4_K_M,mixed_load,1pm,1.0,server_p95_ms,3,592.9000000000001,506.31,752.9250000000001,138.74171677977748,1;2;3,
llama3.2:1b-instruct-q4_K_M,mixed_load,1pm,1.0,throughput_rps,3,0.03661611294443941,0.033870405056174065,0.0380692784729651,0.002379208651285048,1;2;3,
llama3.2:1b-instruct-q4_K_M,mixed_load,1pm,1.0,throughput_per_hour,3,131.81800659998189,121.93345820222663,137.04940250267438,8.565151144626178,1;2;3,
llama3.2:1b-instruct-q4_K_M,mixed_load,1pm,1.0,ok_throughput_per_hour,3,131.81800659998189,121.93345820222663,137.04940250267438,8.565151144626178,1;2;3,
llama3.2:1b-instruct-q4_K_M,mixed_load,1pm,1.0,error_rate_pct,3,0.0,0.0,0.0,0.0,1;2;3,
llama3.2:1b-instruct-q4_K_M,mixed_load,1pm,1.0,samples,3,20.0,20.0,20.0,0.0,1;2;3,
llama3.2:3b,load_post_tickets,1pm,1.0,client_p50_ms,3,1222.0,980.0,1365.5,210.78247080817704,1;2;3,
llama3.2:3b,load_post_tickets,1pm,1.0,client_p95_ms,3,2084.899999999999,1743.749999999999,2322.4499999999994,302.94082342926333,1;2;3,
llama3.2:3b,load_post_tickets,1pm,1.0,client_p99_ms,3,2314.58,2055.15,2509.29,233.88521479563428,1;2;3,
llama3.2:3b,load_post_tickets,1pm,1.0,server_p95_ms,3,2038.4749999999992,1674.1899999999991,2291.4549999999995,323.3351547929797,1;2;3,
llama3.2:3b,load_post_tickets,1pm,1.0,throughput_rps,3,0.022922604266468322,0.01939815290788011,0.029255249123073906,0.0054959120708602364,1;2;3,
llama3.2:3b,load_post_tickets,1pm,1.0,throughput_per_hour,3,82.52137535928595,69.8333504683684,105.31889684306606,19.78528345509685,1;2;3,
llama3.2:3b,load_post_tickets,1pm,1.0,ok_throughput_per_hour,3,82.52137535928595,69.8333504683684,105.31889684306606,19.78528345509685,1;2;3,
llama3.2:3b,load_post_tickets,1pm,1.0,error_rate_pct,3,0.0,0.0,0.0,0.0,1;2;3,
llama3.2:3b,load_post_tickets,1pm,1.0,samples,3,10.0,10.0,10.0,0.0,1;2;3,
llama3.2:3b,load_post_tickets,4pm,4.0,client_p50_ms,3,1014.5,886.0,1132.5,123.58499099809815,1;2;3,
llama3.2:3b,load_post_tickets,4pm,4.0,client_p95_ms,3,2430.083333333333,2338.2,2480.2499999999995,79.6853865732814,1;2;3,
llama3.2:3b,load_post_tickets,4pm,4.0,client_p99_ms,3,2909.6399999999994,2550.98,3514.619999999999,526.9304215928317,1;2;3,
llama3.2:3b,load_post_tickets,4pm,4.0,server_p95_ms,3,2395.5833333333326,2281.5799999999995,2462.1299999999997,99.19010552133376,1;2;3,
llama3.2:3b,load_post_tickets,4pm,4.0,throughput_rps,3,0.06958884122042559,0.06819247325576439,0.07129654550412896,0.0015752821520073196,1;2;3,
llama3.2:3b,load_post_tickets,4pm,4.0,throughput_per_hour,3,250.51982839353218,245.4929037207518,256.66756381486425,5.671015747226337,1;2;3,
llama3.2:3b,load_post_tickets,4pm,4.0,ok_throughput_per_hour,3,250.51982839353218,245.4929037207518,256.66756381486425,5.671015747226337,1;2;3,
llama3.2:3b,load_post_tickets,4pm,4.0,error_rate_pct,3,0.0,0.0,0.0,0.0,1;2;3,
llama3.2:3b,load_post_tickets,4pm,4.0,samples,3,40.0,40.0,40.0,0.0,1;2;3,
llama3.2:3b,load_post_tickets,12pm,12.0,client_p50_ms,3,1210.5,962.5,1518.0,282.4893803313675,1;2;3,
llama3.2:3b,load_post_tickets,12pm,12.0,client_p95_ms,3,2799.816666666667,2401.1,3489.5,599.7081297042198,1;2;3,
llama3.2:3b,load_post_tickets,12pm,12.0,client_p99_ms,3,3243.726666666667,3002.1400000000003,3660.92,362.80304316989015,1;2;3,
llama3.2:3b,load_post_tickets,12pm,12.0,server_p95_ms,3,2731.0033333333336,2317.6,3417.615,598.7406325850394,1;2;3,
llama3.2:3b,load_post_tickets,12pm,12.0,throughput_rps,3,0.20531422753846618,0.20455161433838634,0.2061204017973699,0.0007853003866358527,1;2;3,
llama3.2:3b,load_post_tickets,12pm,12.0,throughput_per_hour,3,739.1312191384782,736.3858116181908,742.0334464705317,2.82708139188908,1;2;3,
llama3.2:3b,load_post_tickets,12pm,12.0,ok_throughput_per_hour,3,739.1312191384782,736.3858116181908,742.0334464705317,2.82708139188908,1;2;3,
llama3.2:3b,load_post_tickets,12pm,12.0,error_rate_pct,3,0.0,0.0,0.0,0.0,1;2;3,
llama3.2:3b,load_post_tickets,12pm,12.0,samples,3,120.0,120.0,120.0,0.0,1;2;3,
llama3.2:3b,mixed_load,1pm,1.0,client_p50_ms,3,316.1666666666667,239.0,432.5,102.52357452475665,1;2;3,
llama3.2:3b,mixed_load,1pm,1.0,client_p95_ms,3,1493.5666666666668,1073.1000000000001,1963.0000000000002,446.966221691677,1;2;3,
llama3.2:3b,mixed_load,1pm,1.0,client_p99_ms,3,1765.6466666666663,1196.2199999999998,2282.1999999999994,544.9172709075508,1;2;3,
llama3.2:3b,mixed_load,1pm,1.0,server_p95_ms,3,1427.9833333333336,1049.1700000000003,1867.1500000000003,412.3162787634431,1;2;3,
llama3.2:3b,mixed_load,1pm,1.0,throughput_rps,3,0.03796324409469939,0.0345313406447692,0.041086153555390297,0.0032883127949376667,1;2;3,
llama3.2:3b,mixed_load,1pm,1.0,throughput_per_hour,3,136.6676787409178,124.31282632116911,147.91015279940507,11.8379260617756,1;2;3,
llama3.2:3b,mixed_load,1pm,1.0,ok_throughput_per_hour,3,136.6676787409178,124.31282632116911,147.91015279940507,11.8379260617756,1;2;3,
llama3.2:3b,mixed_load,1pm,1.0,error_rate_pct,3,0.0,0.0,0.0,0.0,1;2;3,
llama3.2:3b,mixed_load,1pm,1.0,samples,3,20.0,20.0,20.0,0.0,1;2;3,
qwen2.5:7b,load_post_tickets,1pm,1.0,client_p50_ms,3,2264.1666666666665,1397.0,3511.5,1107.326773510572,1;2;3,
qwen2.5:7b,load_post_tickets,1pm,1.0,client_p95_ms,3,4034.4666666666667,2584.6,5520.5,1468.2841085203277,1;2;3,
qwen2.5:7b,load_post_tickets,1pm,1.0,client_p99_ms,3,4232.2266666666665,2596.12,5617.7,1526.3024683637686,1;2;3,
qwen2.5:7b,load_post_tickets,1pm,1.0,server_p95_ms,3,3973.214999999999,2470.335,5484.335,1507.0168954593707,1;2;3,
qwen2.5:7b,load_post_tickets,1pm,1.0,throughput_rps,3,0.017800382403048574,0.017453133972001683,0.018373166357997472,0.0004997645467883758,1;2;3,
qwen2.5:7b,load_post_tickets,1pm,1.0,throughput_per_hour,3,64.08137665097486,62.83128229920606,66.1433988887909,1.799152368438153,1;2;3,
qwen2.5:7b,load_post_tickets,1pm,1.0,ok_throughput_per_hour,3,64.08137665097486,62.83128229920606,66.1433988887909,1.799152368438153,1;2;3,
qwen2.5:7b,load_post_tickets,1pm,1.0,error_rate_pct,3,0.0,0.0,0.0,0.0,1;2;3,
qwen2.5:7b,load_post_tickets,1pm,1.0,samples,3,10.0,10.0,10.0,0.0,1;2;3,
qwen2.5:7b,load_post_tickets,4pm,4.0,client_p50_ms,3,2151.5,1618.5,2740.0,562.8061389146355,1;2;3,
qwen2.5:7b,load_post_tickets,4pm,4.0,client_p95_ms,3,7016.766666666664,5069.249999999999,9443.049999999994,2225.8582054644276,1;2;3,
qwen2.5:7b,load_post_tickets,4pm,4.0,client_p99_ms,3,8531.693333333333,5537.03,12209.13,3388.047250413331,1;2;3,
qwen2.5:7b,load_post_tickets,4pm,4.0,server_p95_ms,3,6981.7149999999965,4988.7699999999995,9432.814999999993,2257.1693541967525,1;2;3,
qwen2.5:7b,load_post_tickets,4pm,4.0,throughput_rps,3,0.07023789102399601,0.06972844258037075,0.07081914737287522,0.00054888661628862,1;2;3,
qwen2.5:7b,load_post_tickets,4pm,4.0,throughput_per_hour,3,252.85640768638564,251.0223932893347,254.94893054235078,1.975991818639038,1;2;3,
qwen2.5:7b,load_post_tickets,4pm,4.0,ok_throughput_per_hour,3,252.85640768638564,251.0223932893347,254.94893054235078,1.975991818639038,1;2;3,
qwen2.5:7b,load_post_tickets,4pm,4.0,error_rate_pct,3,0.0,0.0,0.0,0.0,1;2;3,
qwen2.5:7b,load_post_tickets,4pm,4.0,samples,3,40.0,40.0,40.0,0.0,1;2;3,
qwen2.5:7b,load_post_tickets,12pm,12.0,client_p50_ms,3,2684.8333333333335,1927.0,3641.5,874.3732517256765,1;2;3,
qwen2.5:7b,load_post_tickets,12pm,12.0,client_p95_ms,3,6857.7,5013.0999999999985,8972.8,1993.6608813938246,1;2;3,
qwen2.5:7b,load_post_tickets,12pm,12.0,client_p99_ms,3,8590.810000000003,7010.910000000002,10232.520000000002,1611.6941723230252,1;2;3,
qwen2.5:7b,load_post_tickets,12pm,12.0,server_p95_ms,3,6836.634999999998,4998.099999999999,8934.724999999999,1981.1059275503162,1;2;3,
qwen2.5:7b,load_post_tickets,12pm,12.0,throughput_rps,3,0.20150388616005865,0.19905845351487467,0.20469467230941646,0.0028910905312052536,1;2;3,
qwen2.5:7b,load_post_tickets,12pm,12.0,throughput_per_hour,3,725.4139901762111,716.6104326535489,736.9008203138992,10.40792591233886,1;2;3,
qwen2.5:7b,load_post_tickets,12pm,12.0,ok_throughput_per_hour,3,725.4139901762111,716.6104326535489,736.9008203138992,10.40792591233886,1;2;3,
qwen2.5:7b,load_post_tickets,12pm,12.0,error_rate_pct,3,0.0,0.0,0.0,0.0,1;2;3,
qwen2.5:7b,load_post_tickets,12pm,12.0,samples,3,120.0,120.0,120.0,0.0,1;2;3,
qwen2.5:7b,mixed_load,1pm,1.0,client_p50_ms,3,692.8333333333334,387.5,894.5,268.9281192685758,1;2;3,
qwen2.5:7b,mixed_load,1pm,1.0,client_p95_ms,3,3832.0000000000005,2482.550000000001,5022.55,1277.4337194156099,1;2;3,
qwen2.5:7b,mixed_load,1pm,1.0,client_p99_ms,3,4536.2666666666655,3661.309999999998,5243.71,804.3898169627303,1;2;3,
qwen2.5:7b,mixed_load,1pm,1.0,server_p95_ms,3,3791.7950000000005,2467.420000000001,4927.385,1240.8008633439126,1;2;3,
qwen2.5:7b,mixed_load,1pm,1.0,throughput_rps,3,0.036425381086233756,0.03548055754148121,0.03795239251882439,0.001334803015940301,1;2;3,
qwen2.5:7b,mixed_load,1pm,1.0,throughput_per_hour,3,131.13137191044152,127.73000714933235,136.6286130677678,4.805290857385083,1;2;3,
qwen2.5:7b,mixed_load,1pm,1.0,ok_throughput_per_hour,3,131.13137191044152,127.73000714933235,136.6286130677678,4.805290857385083,1;2;3,
qwen2.5:7b,mixed_load,1pm,1.0,error_rate_pct,3,0.0,0.0,0.0,0.0,1;2;3,
qwen2.5:7b,mixed_load,1pm,1.0,samples,3,20.0,20.0,20.0,0.0,1;2;3,
