row_number,label_A,confidence_A,notes_A,label_B,confidence_B,notes_B,narrative_prefix
10214,Bank account or service,low,,Credit card,high,,Not only did they fail to file my disputes when I submitted them they have been extremely rude and volatile towards me. I called back to check them and that's when I had to resubmit them and they deni...
10271,Bank account or service,low,,Credit card,medium,,I had purchased this card almost a week ago I have been on hold out of all this time Ive called 10 hours total. there website does not function correctly so I cant use that. And my emails have done no...
10469,Bank account or service,low,,Credit card,high,,"During the Rushcard glitch, I was without access to my funds for a week or more. I could not pay my bills on time which lead to me having to pay late fees. I could not withdraw money to eat, put gas i..."
10510,Consumer loan,medium,,Credit reporting,low,,"On XX/XX/XXXX I submitted an application to consolidate 3 parent=plus loans into a single loan. In this application, and the conversations I had with the XXXX servicing rep, I made clear I was going t..."
10517,Debt collection,high,,Bank account or service,low,,I was never contacted or mailed any fees of the debt owed. I have tried calling and leaving messages with Alco Collections Inc since it was reported on my credit since XXXX of XXXX still no avail as o...
10551,Bank account or service,high,,Money transfer or service,low,,"I am filing a complaint against Cash App ( Block , Inc ) due to inadequate customer service and unfair practices, which violate the Consumer Financial Protection Act ( CFPA ). Specifically, Cash App f..."
10604,Credit reporting,medium,,Money transfer or service,low,,I did reach out to XXXX XXXX for the mis-reporting and expressed to them that the late payment was due to their system being down and that that's caused the payment being submitted on the XXXX XXXX XX...
10653,Credit card,high,,Money transfer or service,low,,XX/XX/2020 I ordered a wireless adapter from XXXX The vendor for the adapter was shady about shipping notifications and I have a huge email chain with them trying to cancel my order or locate the devi...
10799,Bank account or service,low,,Debt collection,high,,"To, XXXX XXXX, Vice President, XXXX XXXX XXXX Department, Comerica Incorporated. I am still waiting for a reimbursement for the fraud committed against my Direct Express account. I never authorized an..."
10024,Money transfer or service,medium,,Credit card,medium,,I paid my Citibank the entire balance of my account. I mistakenly over paid the amount due and my account ( which is currently closed ) has a negative balance of XXXX. I have requested to have have th...
10045,Consumer loan,medium,,Debt collection,medium,,As a person who was under the XXXX XXXX I was in line for XXXX to be forgiven last year in XXXX. I was paying {$1200.00} a month. Now because of this ridiculous litigation hold and an attempt to pay t...
10085,Credit card,medium,,Credit reporting,medium,,XXXX I visited the dentist. Initial consultation and XXXX XXXX taken. No other services performed. The XXXX provided me an estimated cost of services to be performed. XXXX XXXX office applied for fina...
10110,Credit card,high,,Credit reporting,medium,,XXXX XXXX XXXX XXXX XXXX XXXX XXXX XXXX XXXX XXXX XXXX XXXX XXXX XXXX XXXX XXXX XXXX XXXX XXXX XXXX XXXX XXXX XXXX XXXX XXXX XXXX I applied for the XXXX Rapid Rewards Premier Business Credit Card from...
10116,Debt collection,medium,,Credit reporting,high,,"I sent you a debt validation letter more than 30 days ago asking for the credit bureaus to provide me with proof that I own this debt, and your company has failed to respond. I then looked at my credi..."
10127,Mortgage,high,,Credit reporting,medium,,"On XX/XX/scrub> XXXX XXXX XXXX XXXX XXXX, I received an email from NewRez indicating that my recurring automatic payment bank account information had been modified. Neither I nor my co-borrower author..."
10129,Credit card,medium,,Credit reporting,medium,,"On XX/XX/year> I received an email that my "" Chime Credit Builder Secured Visa Credit Card '' application was almost complete and, around the same time, a text message that my Chime account was ready...."
10167,Bank account or service,medium,,Credit card,medium,,In XX/XX/XXXX I received a collections letter ; Paypal sent them the account set up in my name with my information. The fraud occurred in XX/XX/XXXX. I spoke with the collection agency and with payapl...
10178,Debt collection,high,,Mortgage,medium,,"I lived at an apartment. When I moved out, the apartment asked for specific things, including the keys, mail keys, key fobs, and pool passes. There was never a move-out inspection. However the apartme..."
10210,Credit reporting,medium,,Bank account or service,high,,"Account XXXX XXXX XXXX I am unaware of the state and did not have the opportunity to dispute this account. If you believe you sent proper notification, please provide certified mail with the receipt d..."
10219,Mortgage,high,,Money transfer or service,medium,,Please consider this correspondence to be formal notice that our mutual client is hereby submitting a complaint because your company failed to provide the required notice of additiona l required docum...
10297,Credit card,medium,,Credit reporting,medium,,"They reported charges back in XX/XX/2021, but they didn't remove them. I inquired again and asked why but not they are telling me I've passed the terms of reporting fraud so they are making the change..."
10338,Credit reporting,high,,Bank account or service,medium,,"the following accounts appear on my credit report, without any authorization, they do not belong to me Identity Theft BK OF AMER Account Number : XXXX This is not mine. 2. Identity Theft XXXX XXXX Acc..."
10358,Credit reporting,medium,,Consumer loan,high,,XXXX XXXX has a XXXX XXXX option for applying for loans. Applied for loan thinking it was guaranteed and was ultimately denied the loan. This effected my credit score and I lost time dealing with the ...
10381,Bank account or service,high,,Money transfer or service,medium,,"On XX/XX/year>, I initiated an outgoing electronic transfer from my Ally Bank Savings Account, to an external bank account that Ally had previously verified. This transfer was for {$50000.00}. The nat..."
10452,Credit reporting,medium,,Mortgage,medium,,"My husband told Carrington Mortgage that he had my permission to pull my credit for a joint VA mortgage loan. refinance. This was. NOT true, I was totally unaware of what my husband was attempting to ..."
10463,Bank account or service,high,,Money transfer or service,medium,,A deposit was made to account XXXX on XX/XX/XXXX. The next day I withdrew money. On XX/XX/XXXX TCF decided that this was a fraudulent transaction and started an investigation and closed this accoiunt....
10467,Credit reporting,medium,,Consumer loan,high,,These loans are duplicately reported along with XXXX and XXXX XXXX XXXX. This account was on an approved deferment and therefore was never late. The unscrupulous practices of student loan companies ma...
10483,Bank account or service,medium,,Money transfer or service,high,,"1st complaint XX/XX/2022, numerous requests for help. My accounts were taken over by the same person on XX/XX/2022! BoA FINALLY decided to refund the funds stolen from my checking & savings accounts b..."
10497,Credit reporting,high,,Mortgage,medium,,XXXX XXXX XXXX XXXX rented out an apartment in my name that did not belong to me. My identification was stolen and I didnt have access to it my social and ID was included. I had no acknowledgements ab...
10528,Credit reporting,medium,,Bank account or service,high,,bank of America is still reporting a balance and outstanding account opened and this account was to be closed and reflect a XXXX balance do to fraud and them not properly handling and closing the acco...
10537,Debt collection,high,,Credit card,medium,,"Credit Collections USA LLC, has placed a collection for {$83.00} on my credit report and according to the State of Florida license search they are not permitted to collect in this state. I am requesti..."
10540,Bank account or service,high,,Money transfer or service,medium,,"On XX/XX/2022 and XX/XX/2022 Truist charged my account {$36.00} in overdraft fees. I contacted Truist to file a complaint, XX/XX/2022 @ XXXX ( EST ), and was told that a manger would be in-touch with ..."
10575,Debt collection,medium,,Consumer loan,high,,We have been getting robocalls from Naviant every evening at the same time XXXX. Asking us to call XXXX number. Returned call once ..was told we have been listed as reference on a student loan app ..t...
10602,Mortgage,medium,,Debt collection,high,,My payments keep going up with Wells Fargo. I am now at 14 % and I cant afford to pay this and I only owe XXXX on my home. I paid XXXX on XX/XX/XXXX and paid XXXX on XX/XX/XXXX receive a letter statin...
10622,Credit reporting,medium,,Bank account or service,high,,"I paid the XXXX XXXX XXXX off in XXXX . They sent my title. I do n't owe them anything, but the way Santander rep orted it on my credit looks like I still owe. They reported it as a "" XXXX balance '' ..."
10638,Credit reporting,medium,,Debt collection,high,,"Complaint Details : Issue : Discover is reporting a debt on my credit report despite no longer owning the debt, in violation of the Fair Credit Reporting Act ( FCRA ) and Fair Debt Collection Practice..."
10666,Debt collection,high,,Credit card,medium,,Sunrise credit Service - XXXX - is reporting on my credit and attempting to collect a debt that I had already paid and settled with XXXX XXXX XXXX.. They threatened and forced me to pay again so I hav...
10747,Money transfer or service,medium,,Bank account or service,high,,"We are unable to set up online payments as the account is 1 month behind. Talked to Wells Fargo on phone and set up payment, XX/XX/2023. On XX/XX/2023 they took out {$500.00} more than the agreed upon..."
10763,Consumer loan,medium,,Credit reporting,high,,"In XX/XX/year>, I discovered that Klarna allowed someone to open a line of credit using my full name, date of birth, and home address. The account was linked to an unfamiliar email address ( XXXX ) an..."
10774,Debt collection,medium,,Credit reporting,high,,"LVNV LLC have reported to the 3 credit bureaus inaccurate information payment statuses, past due amount, and balance owed on three different accounts. Once I notified the credit bureaus that I needed ..."
10790,Consumer loan,medium,,Debt collection,high,,I've been waiting on the dept of ed since XX/XX/XXXX to ask for any debt forgiveness after my husband 's leg was amputated XX/XX/XXXX. I can not afford my loans. Furthermore the school i attended was ...
10805,Bank account or service,medium,,Credit card,medium,,I just got out of the hospital and found money to pay my bills. I paid part of them and went the next day to do the rest. the XXXX dollars was missing. I contacted Chase and found them not willing to ...
10858,Credit card,high,,Bank account or service,medium,,"On XX/XX/XXXX, I was informed a dispute was resolved in my favor. The balance has gone back to XXXX. The representative confirmed no payment will be drawn from my account. However, on XX/XX/XXXX, I sa..."
10945,Credit card,medium,,Bank account or service,medium,,"Hi, I signed up for an online business training program for {$2000.00} onetime payment or a {$2400.00} XXXX time payment with a guaranteed result to either earning our investment back within XXXX week..."
10120,Credit reporting,high,,Bank account or service,high,,"In accordance with the Fair Credit Reporting act US DEPT OF ED/XXXX Account # XXXX, has violated my rights. 15 U.S.C 1681 section 602 A. States I have the right to privacy. 15 U.S.C 1681 Section 604 A..."
10196,Bank account or service,high,,Credit card,high,,"My last statement from Bank America showed a charge for "" check imaging ''. I never ordered it. I called customer service and although they removed the charge, they could not tell me how this happened..."
10322,Credit reporting,high,,Bank account or service,high,,"Dear XXXX, I am writing to dispute the Sezzle tradeline account associated with my name and Social Security number. This account was opened without my knowledge or consent, and I believe it is a resul..."
10337,Money transfer or service,high,,Bank account or service,high,,I have {$500000.00} in My Banking Direct ( Flagstar Bank ) in a MBD High Yield Savings Account and have been trying to transfer all of this money back to the account that it came from ( XXXXXXXX XXXX ...
10396,Money transfer or service,high,,Bank account or service,high,,"I opened a Wise account in XXXX XXXX, immediately after turning XXXX on XX/XX/XXXX. Wise was my first choice for an international financial platform, and I trusted the company to begin building my fin..."
10406,Credit reporting,high,,Bank account or service,high,,"In accordance with the fair credit reporting act. This creditor has violated my rights, under 15 U.S.C. 1681 section 602. States I have the right to privacy. 15 U.S.C. 1681 section 604a section 2. It ..."
10409,Credit reporting,high,,Bank account or service,high,,"I have expressed that there were multiple fraud accounts and inquiries placed on my credit file over the past few years and XXXX, XXXX and transition are continuing to report fraudulent information on..."
10454,Mortgage,high,,Bank account or service,high,,Complaint Against Select Portfolio Servicing Utah Select Portfolio Servicing has repeatedly failed to properly manage my escrow account. Despite multiple attempts to resolve issues through their custo...
10461,Money transfer or service,high,,Bank account or service,high,,A wire was sent from my bank on XXXX before Coinbase 's cut-off processing time. My bank does confirm the funds are sitting with Coinbase. Coinbase is refusing to put the money into my account and cla...
10465,Credit card,high,,Credit reporting,high,,"On XXXX/XXXX/2020, I received an email from XXXX XXXX XXXX XXXX XXXX that stated that they had a data breach, my account was deactivated, please destroy the card, and a new one would be issued. ( see ..."
10471,Bank account or service,high,,Money transfer or service,high,,"On XX/XX/2022 I tried to make a deposit on an ATM machine, and the machine stopped working without returning me the money neither depositing on the account. The machine just printed a receipt saying t..."
10520,Mortgage,high,,Consumer loan,high,,We originally got a loan with a company called XXXX. They sold our loan to GreenTree who in 2014 paid the wrong company for our property insurance out of our escrow account. Not wanting that to happen...
10524,Bank account or service,high,,Money transfer or service,high,,On XX/XX/XXXX I logged into my Wells Fargo XXXX and saw that I had an additional deposit of {$1400.00} into my acct. What I now know is that they were transferring $ from my daughter 's minor account ...
10549,Credit reporting,high,,Bank account or service,high,,In accordance with the Fair Credit Reporting act. The List of accounts below has violated my federally protected consumer rights to privacy and confidentiality under 15 USC 1681 : Account Name : XXXX ...
10557,Credit reporting,high,,Bank account or service,high,,This is not a duplicate nor is this complaint filed by a third party. I am filing this complaint myself. Please see this complaint is processed to the letter of the law. I have fully researched my rig...
10560,Bank account or service,high,,Money transfer or service,high,,"Unauthorized XXXX transactions with several of my bank accounts ( XXXXXXXX XXXX, Bank of America checking accounts ). Multiple occurrence for small dollar values ( {$10.00}, {$1.00} ) in XXXX, XXXX, X..."
10609,Money transfer or service,high,,Bank account or service,high,,I had a cash app account that was closed on me and I was told that I would be able to get the remaining funds off of my account and my account disappeared and I was never able to get my money when the...
10714,Credit reporting,high,,Debt collection,high,,Creditor reported deragatory history on a debt that was discharged in CHXXXX bankruptcy 6 months after debt was discharged. CRA 's will not remove negative history they only updated it to show Bk. Any...
10827,Mortgage,high,,Consumer loan,high,,"Dear CFPB, I am writing to you because its a nightmare dealing with Fay Servicing XXXX representatives from the Loss Mitigation Dept. At the beginning of this year i applied for a loan modification wh..."
10887,Credit reporting,high,,Bank account or service,high,,"In accordance with the Fair Credit Reporting act XXXX Account, has violated my rights. 15 U.S.C 1681 section 602 A. States I have the right to privacy. 15 U.S.C 1681 Section 604 A Section 2 : It also ..."
10933,Credit card,high,,Consumer loan,high,,"Purchased car insurance using PayPal Credit Card in the amount of {$760.00}. Prior to purchase, received and screenshot from website, information about using the card to make purchases and how all cre..."
10951,Credit card,high,,Money transfer or service,high,,"I purchased a corporate kit on XX/XX/2021, from XXXX, the total amount of {$85.00} was charged to my XXXX account ( See doc 1 original receipt ). On XX/XX/2021, I mailed a money order in the amount of..."
10962,Bank account or service,high,,Credit reporting,high,,"I've been having trouble adding my other bank information onto my Ally bank account. It would tell me that they were not able to process my transaction at this time. I called Ally Bank on XX/XX/year>,..."
10996,Credit reporting,high,,Mortgage,high,,"According to XXXX the Credco is 3rd party mortgage agency ran my credit twice for rehab mortgage, I'm unaware of the signed credit authorization for Credco to run my credit for rehab mortgage are misl..."
