row_number,raw_label
10001,Mortgage
10002,Money transfer or service
10004,Bank account or service
10008,Debt collection
10011,Consumer loan
10018,Credit card
10019,Debt collection
10024,Credit card
10026,Bank account or service
10028,Debt collection
10029,Consumer loan
10038,Credit reporting
10045,Consumer loan
10047,Credit reporting
10068,Mortgage
10084,Bank account or service
10085,Credit card
10091,Credit reporting
10098,Consumer loan
10106,Credit card
10110,Credit card
10112,Consumer loan
10114,Consumer loan
10115,Credit reporting
10116,Credit reporting
10120,Credit reporting
10123,Mortgage
10127,Mortgage
10129,Credit card
10134,Mortgage
10144,Credit card
10167,Money transfer or service
10170,Mortgage
10175,Debt collection
10178,Debt collection
10179,Consumer loan
10181,Debt collection
10183,Bank account or service
10191,Money transfer or service
10194,Money transfer or service
10196,Bank account or service
10210,Debt collection
10214,Credit card
10216,Credit reporting
10219,Mortgage
10225,Mortgage
10228,Debt collection
10231,Credit reporting
10234,Debt collection
10235,Credit card
10241,Mortgage
10245,Debt collection
10251,Mortgage
10257,Money transfer or service
10265,Money transfer or service
10271,Credit card
10286,Mortgage
10297,Credit card
10301,Credit card
10305,Credit card
10314,Debt collection
10319,Credit reporting
10322,Credit reporting
10324,Bank account or service
10337,Bank account or service
10338,Credit reporting
10348,Mortgage
10350,Money transfer or service
10354,Credit reporting
10358,Consumer loan
10361,Money transfer or service
10362,Credit reporting
10365,Debt collection
10371,Mortgage
10377,Debt collection
10379,Credit card
10381,Bank account or service
10396,Money transfer or service
10397,Bank account or service
10398,Credit reporting
10406,Consumer loan
10409,Credit reporting
10415,Credit reporting
10418,Money transfer or service
10424,Consumer loan
10428,Credit card
10432,Credit reporting
10440,Consumer loan
10442,Mortgage
10444,Consumer loan
10452,Mortgage
10454,Mortgage
10461,Money transfer or service
10463,Bank account or service
10465,Credit reporting
10467,Consumer loan
10469,Bank account or service
10471,Bank account or service
10483,Credit card
10494,Money transfer or service
10496,Money transfer or service
10497,Debt collection
10507,Consumer loan
10510,Consumer loan
10512,Consumer loan
10515,Bank account or service
10517,Debt collection
10520,Mortgage
10524,Bank account or service
10526,Mortgage
10528,Credit card
10529,Money transfer or service
10537,Debt collection
10540,Bank account or service
10549,Credit reporting
10551,Money transfer or service
10557,Credit reporting
10560,Money transfer or service
10562,Credit card
10563,Credit card
10567,Bank account or service
10570,Credit reporting
10571,Mortgage
10575,Debt collection
10577,Bank account or service
10602,Mortgage
10604,Credit reporting
10609,Money transfer or service
10622,Debt collection
10638,Debt collection
10643,Mortgage
10647,Credit card
10652,Money transfer or service
10653,Credit card
10655,Credit reporting
10657,Money transfer or service
10658,Bank account or service
10662,Bank account or service
10666,Debt collection
10667,Consumer loan
10669,Mortgage
10673,Credit reporting
10678,Money transfer or service
10688,Money transfer or service
10703,Bank account or service
10707,Debt collection
10710,Money transfer or service
10711,Bank account or service
10714,Credit reporting
10718,Consumer loan
10722,Credit reporting
10724,Bank account or service
10746,Debt collection
10747,Mortgage
10749,Mortgage
10750,Credit reporting
10754,Bank account or service
10762,Bank account or service
10763,Consumer loan
10765,Money transfer or service
10770,Credit card
10774,Debt collection
10785,Bank account or service
10789,Bank account or service
10790,Consumer loan
10792,Debt collection
10796,Consumer loan
10799,Bank account or service
10803,Mortgage
10805,Bank account or service
10818,Credit reporting
10822,Consumer loan
10827,Mortgage
10829,Money transfer or service
10840,Debt collection
10846,Debt collection
10858,Credit card
10866,Consumer loan
10873,Consumer loan
10877,Credit reporting
10887,Credit reporting
10889,Money transfer or service
10900,Mortgage
10901,Mortgage
10904,Consumer loan
10914,Credit card
10933,Credit card
10945,Credit card
10950,Debt collection
10951,Debt collection
10957,Consumer loan
10962,Bank account or service
10967,Mortgage
10970,Debt collection
10971,Debt collection
10976,Credit reporting
10982,Credit reporting
10983,Money transfer or service
10989,Consumer loan
10996,Mortgage
